what_type_of_candle,time_entered,ema_distance,num_of_matches,line_degree_angle,ticker_symbol,strike_price,option_type,order_quantity,order_bid_price,total_investment,time_exited,lowest_bid,max_drawdown,highest_bid,max_gain,avg_sold_bid,total_profit,total_percentage
PDHL_1 PDH,08/12/2024-09:50 AM,0.4460968461575021,0,-7.6884477699023615,SPY,538.0,call,139,0.32,4448.0,08/12/2024-10:16:03 AM,0.24,25.000000000000007,0.41,28.12499999999999,0.3684892086330935,674.0,15.152877697841728
PDHL_1 PDH,08/13/2024-09:42 AM,0.3091708194116336,0,-2.290610042642952,SPY,540.0,call,112,0.4,4480.0,08/13/2024-10:32:01 AM,0.37,7.500000000000007,0.68,70.0,0.4919642857142857,1030.0,22.991071428571427
PDHL_1 PDH,08/14/2024-10:12 AM,0.4400751737332484,0,-11.585126224853132,SPY,545.0,call,113,0.4,4520.0,08/14/2024-11:16:02 AM,0.37,7.500000000000007,1.02,154.99999999999997,0.5139823008849558,1288.0,28.49557522123894
PDHL_1 PDH,08/14/2024-12:06 PM,0.2139750548352594,1,-7.6884477699023615,SPY,544.0,call,78,0.58,4523.999999999999,08/14/2024-12:12:02 PM,0.42,27.58620689655172,0.77,32.75862068965518,0.6633333333333333,650.0,14.367816091954024
PDHL_1 PDH,08/14/2024-12:16 PM,0.1178131151542629,2,-14.030850797103213,SPY,544.0,call,82,0.55,4510.000000000001,08/14/2024-12:28:02 PM,0.41,25.454545454545464,0.61,10.909090909090898,0.44,-902.0,-20.0
PDHL_1 PDH,08/14/2024-12:30 PM,0.2045463887177447,3,-3.361548513434101,SPY,544.0,call,81,0.56,4536.000000000001,08/14/2024-01:00:02 PM,0.41,26.78571428571429,0.66,17.85714285714285,0.44,-972.0,-21.428571428571427
PDHL_1 PDH,08/14/2024-01:14 PM,0.0298963164379983,4,-4.858462919035548,SPY,544.0,call,122,0.37,4514.0,08/14/2024-02:12:02 PM,0.28,24.32432432432432,0.81,118.91891891891892,0.4688524590163934,1206.0,26.71688081524148
PDHL_1 PDH,08/14/2024-02:44 PM,0.1780511422924746,5,-2.8094411085097164,SPY,543.0,call,65,0.7,4480.0,08/14/2024-02:59:01 PM,0.51,27.14285714285713,1.61,130.00000000000003,0.9065625,1322.0,29.508928571428573
PDHL_1 PDH,08/15/2024-08:50 AM,0.2665733513333634,0,-9.201973167958132,SPY,552.0,call,99,0.47,4653.0,08/15/2024-09:06:02 AM,0.28,40.42553191489361,0.61,29.787234042553195,0.5379797979797979,673.0,14.463786804212337
PDHL_1 PDH,08/15/2024-12:22 PM,0.0142543050745871,1,-2.4622017295860603,SPY,553.0,call,155,0.31,4650.0,08/15/2024-01:52:02 PM,0.28,-9.6774193548387,0.52,68.0,0.3907333333333333,1211.0,26.04301075268817
PDHL_1 PDH,08/19/2024-09:40 AM,0.2584430881888693,0,-7.685634238547339,SPY,557.0,call,144,0.33,4752.0,08/19/2024-10:18:02 AM,0.29,12.121212121212132,0.68,106.06060606060606,0.4216666666666666,1320.0,27.77777777777778
PDHL_8 PDH,08/19/2024-11:58 AM,0.3488794334688236,0,-2.296330445048326,SPY,558.0,call,116,0.41,4756.0,08/19/2024-12:12:02 PM,0.3,26.82926829268292,0.4,-2.439024390243892,0.3,-1276.0,-26.82926829268293
PDHL_8 PDH,08/19/2024-12:34 PM,0.0266659154434592,1,-3.148096099566396,SPY,557.0,call,69,0.69,4761.0,08/19/2024-01:12:02 PM,0.63,8.695652173913036,0.93,34.782608695652186,0.8172463768115942,878.0,18.44150388573829
PDHL_1 PDL,08/22/2024-12:14 PM,0.4724846262357687,0,17.614643300006804,SPY,556.0,put,96,0.5,4800.0,08/22/2024-12:20:03 PM,0.31,38.0,0.51,2.0000000000000018,0.36,-1344.0,-28.000000000000004
PDHL_1 PDL,08/22/2024-12:28 PM,0.0616002243114053,1,5.773617839297042,SPY,556.0,put,126,0.38,4788.0,08/22/2024-01:10:03 PM,0.34,10.52631578947368,1.42,273.6842105263158,0.5081746031746032,1615.0,33.730158730158735
PDHL_8 PDL,08/22/2024-02:36 PM,0.582321480206474,0,3.148096099566396,SPY,555.0,put,137,0.35,4795.0,08/22/2024-02:50:04 PM,0.08,77.14285714285714,0.32,-8.571428571428562,0.09,-3562.0,-74.28571428571429
PDHL_8 PDL,08/22/2024-02:52 PM,0.3471539735890019,1,12.81664764899752,SPY,555.0,put,200,0.24,4800.0,08/22/2024-02:59:01 PM,0.13,45.83333333333333,0.36,50.0,0.3455999999999999,2112.0,44.0
PDHL_1 PDH,08/29/2024-10:40 AM,0.2111940529564435,0,-5.521436414647783,SPY,564.0,call,128,0.38,4750.0,08/29/2024-10:42:02 AM,0.3,21.052631578947373,0.37,-2.6315789473684235,0.3,-1000.0,-21.052631578947366
PDHL_1 PDH,08/29/2024-10:50 AM,0.1593707952512204,1,-1.60386277115463,SPY,564.0,call,140,0.34,4760.0,08/29/2024-11:50:02 AM,0.27,20.58823529411765,0.64,88.23529411764704,0.4232857142857142,1166.0,24.49579831932773
PDHL_1 PDL,09/03/2024-10:32 AM,0.0637234599992098,0,3.738011803242733,SPY,554.0,put,99,0.48,4752.0,09/03/2024-10:36:02 AM,0.33,31.25,0.52,8.333333333333341,0.33,-1485.0,-31.25
PDHL_1 PDL,09/03/2024-10:42 AM,0.3139390506905783,1,3.012787504183355,SPY,554.0,put,97,0.49,4753.0,09/03/2024-11:06:02 AM,0.37,24.489795918367346,0.56,14.2857142857143,0.37,-1164.0,-24.489795918367346
PDHL_2 PDL,09/03/2024-01:30 PM,0.3840247654291033,0,4.0098745408846375,SPY,552.0,put,113,0.42,4746.0,09/03/2024-01:34:02 PM,0.27,35.71428571428571,0.42,0.0,0.29,-1469.0,-30.95238095238096
PDHL_2 PDL,09/03/2024-01:38 PM,0.0747484781326193,1,10.757967088393022,SPY,552.0,put,153,0.31,4743.0,09/03/2024-02:06:11 PM,0.25,19.35483870967742,0.52,67.74193548387098,0.3819607843137255,1101.0,23.213156230234027
PDHL_4 PDL,09/06/2024-01:14 PM,0.1719147796043216,0,4.004172940705757,SPY,538.0,put,131,0.35,4585.0,09/06/2024-01:30:01 PM,0.27,22.857142857142847,0.44,25.71428571428572,0.4023664122137404,686.0,14.961832061068703
PDHL_4 PDL,09/06/2024-01:34 PM,0.1800034651553232,1,11.30993247402272,SPY,538.0,put,128,0.36,4608.0,09/06/2024-01:42:02 PM,0.25,30.55555555555556,0.38,5.555555555555561,0.27,-1152.0,-25.0
PDHL_1 PDH,09/10/2024-08:46 AM,0.1240008428145529,0,-5.483590444464646,SPY,551.0,call,99,0.46,4554.0,09/10/2024-08:58:02 AM,0.34,26.08695652173913,0.49,6.521739130434775,0.36,-990.0,-21.73913043478261
PDHL_1 PDH,09/10/2024-01:40 PM,0.3495155823335381,1,-2.6718645932717866,SPY,549.0,call,131,0.36,4572.0,09/10/2024-01:52:03 PM,0.22,38.888888888888886,0.36,0.0,0.23,-1651.0,-36.11111111111111
PDHL_1 PDL,09/11/2024-09:56 AM,0.4203278184875216,0,2.0045340321040825,SPY,536.0,put,111,0.39,4446.0,09/11/2024-10:00:02 AM,0.24,38.46153846153847,0.36,-7.692307692307699,0.24,-1710.0,-38.46153846153847
PDHL_1 PDH,09/11/2024-01:05 PM,0.3513353279805642,0,-6.842773412631197,SPY,552.0,call,131,0.34,4454.0,09/11/2024-01:18:02 PM,0.18,47.05882352941177,0.39,14.705882352941172,0.18,-2096.0,-47.05882352941176
PDHL_1 PDH,09/11/2024-02:07 PM,0.0970506004518938,1,-6.519801751656451,SPY,553.0,call,139,0.32,4448.0,09/11/2024-02:42:02 PM,0.33,3.13,0.96,200.0,0.423,1438.0,32.33
PDHL_1 PDH,09/12/2024-09:50 AM,0.1917364854298284,0,-4.004172940712239,SPY,559.0,call,120,0.36,4320.0,09/12/2024-10:00:02 AM,0.19,47.22222222222222,0.37,2.7777777777777803,0.19,-2040.0,-47.22222222222222
PDHL_1 PDH,09/12/2024-11:30 AM,0.2129854411693941,1,-4.716221234337245,SPY,558.0,call,131,0.33,4323.0,09/12/2024-01:10:02 PM,0.27,18.18181818181818,1.84,457.5757575757575,0.4448091603053434,1504.0,34.79065463798288
PDHL_2 PDH,09/12/2024-02:06 PM,0.0190788379076138,0,-4.573921259903191,SPY,559.0,call,83,0.52,4316.0,09/12/2024-02:32:02 PM,0.35,32.6923076923077,0.6,15.384615384615378,0.4,-996.0,-23.07692307692308
PDHL_2 PDH,09/12/2024-02:34 PM,0.0577291724043789,1,-1.9473063725613493,SPY,559.0,call,96,0.45,4320.0,09/12/2024-02:48:05 PM,0.34,24.44444444444444,0.63,40.0,0.5166666666666667,640.0,14.814814814814811
resistance_1 PDH,09/13/2024-10:56 AM,0.2723222785560892,0,-2.433606100716827,SPY,564.0,call,89,0.48,4272.0,09/13/2024-11:10:02 AM,0.34,29.166666666666657,0.52,8.333333333333341,0.36,-1068.0,-25.0
resistance_1 PDH,09/13/2024-12:16 PM,0.308236939972403,1,-2.481264801195194,SPY,564.0,call,134,0.32,4288.0,09/13/2024-12:58:02 PM,0.22,31.25,0.41,28.12499999999999,0.3719402985074627,696.0,16.23134328358209
PDHL_1 PDH,09/17/2024-08:48 AM,0.1591621178575906,0,-1.81376024712517,SPY,568.0,call,133,0.32,4256.0,09/17/2024-08:50:02 AM,0.21,34.37500000000001,0.31,-3.1250000000000027,0.22,-1330.0,-31.25
PDHL_1 PDH,09/17/2024-09:26 AM,0.4226540394118956,1,-7.127837046839775,SPY,568.0,call,97,0.44,4268.0,09/17/2024-09:34:02 AM,0.24,45.45454545454546,0.43,-2.2727272727272747,0.28,-1552.0,-36.36363636363637
PDHL_1 PDH,09/19/2024-09:14 AM,0.324343029779925,0,-2.6066658477851146,SPY,573.0,call,89,0.46,4094.0,09/19/2024-09:42:04 AM,0.39,15.217391304347828,0.81,76.08695652173914,0.5670786516853933,953.0,23.27796775769419
PDHL_1 PDH,09/19/2024-10:12 AM,0.164264944856427,1,-5.316380426556752,SPY,573.0,call,108,0.39,4134.0,09/19/2024-10:34:03 AM,0.29,25.64102564102565,0.44,12.820512820512816,0.3,-954.0,-23.07692307692308
PDHL_1 PDL,09/20/2024-08:56 AM,0.2738686837589057,0,2.5765718302697405,SPY,563.0,put,111,0.37,4107.0,09/20/2024-09:20:02 AM,0.29,21.621621621621625,0.48,29.729729729729726,0.4256756756756756,618.0,15.047479912344777
resistance_1 PDH,09/20/2024-11:36 AM,0.2456278082579501,0,-2.8681204873107053,SPY,569.0,call,86,0.48,4128.0,09/20/2024-12:00:02 PM,0.46,4.166666666666659,0.66,37.500000000000014,0.5686046511627907,762.0,18.4593023255814
PDHL_1 PDL,09/20/2024-01:18 PM,0.3403320912826757,1,13.495733280796305,SPY,566.0,put,108,0.39,4134.0,09/20/2024-01:48:02 PM,0.27,30.769230769230766,0.61,56.4102564102564,0.4669811320754717,816.0,19.738751814223512
PDHL_1 PDH,09/23/2024-09:30 AM,0.2628962591043091,0,-12.543973346570372,SPY,571.0,call,88,0.48,4224.0,09/23/2024-09:36:02 AM,0.35,27.083333333333336,0.48,0.0,0.35,-1144.0,-27.08333333333333
PDHL_1 PDH,09/23/2024-09:44 AM,0.2191332003169463,1,-5.551000218055168,SPY,571.0,call,98,0.43,4214.0,09/23/2024-10:02:02 AM,0.3,30.232558139534888,0.49,13.953488372093023,0.33,-980.0,-23.25581395348837
PDHL_1 PDH,09/24/2024-11:06 AM,0.3065731885396872,0,-3.4336303624513014,SPY,571.0,call,62,0.66,4092.0,09/24/2024-11:26:02 AM,0.48,27.27272727272728,0.66,0.0,0.49,-1054.0,-25.75757575757576
PDHL_1 PDH,09/24/2024-11:34 AM,0.0664258165215869,1,-4.561111461854758,SPY,571.0,call,75,0.55,4125.000000000001,09/24/2024-11:54:03 AM,0.53,3.636363636363639,0.76,38.18181818181817,0.6456000000000001,717.0,17.381818181818183
PDHL_1 PDH,09/25/2024-08:46 AM,0.1520478300262766,0,-5.139922774570298,SPY,573.0,call,111,0.37,4107.0,09/25/2024-08:50:02 AM,0.28,24.32432432432432,0.38,2.7027027027027053,0.28,-999.0,-24.324324324324326
PDHL_1 PDH,09/25/2024-09:18 AM,0.1307310060582267,1,-3.576334374997351,SPY,573.0,call,117,0.35,4095.0,09/25/2024-09:22:02 AM,0.27,22.857142857142847,0.34,-2.857142857142844,0.27,-936.0,-22.857142857142858
PDHL_1 PDH,10/04/2024-01:42 PM,0.2762830582156539,0,-3.718993973156832,SPY,571.0,call,68,0.59,4012.0,10/04/2024-02:18:02 PM,0.46,22.033898305084737,0.9,52.542372881355945,0.7261764705882352,926.0,23.08075772681954
PDHL_1 PDH,10/08/2024-02:50 PM,0.1935303499584506,0,-4.28915332882161,SPY,573.0,call,66,0.61,4026.0,10/08/2024-02:59:02 PM,0.47,22.95081967213115,0.79,29.508196721311485,0.7200000000000001,726.0,18.0327868852459
PDHL_1 PDH,10/09/2024-10:14 AM,0.4074607441338003,0,-2.2877498242928063,SPY,577.0,call,108,0.38,4104.0,10/09/2024-11:02:03 AM,0.34,10.52631578947368,1.07,181.57894736842107,0.4971296296296296,1265.0,30.82358674463937
PDHL_1 PDH,10/09/2024-11:42 AM,0.115182938370026,1,-1.7183580016538953,SPY,578.0,call,136,0.3,4080.0,10/09/2024-11:52:02 AM,0.23,23.33333333333333,0.31,3.3333333333333366,0.24,-816.0,-20.0
PDHL_1 PDH,10/11/2024-10:08 AM,0.1965129131725689,0,-2.385944030389041,SPY,581.0,call,121,0.34,4114.0,10/11/2024-10:20:02 AM,0.25,26.470588235294123,0.44,29.411764705882344,0.3835537190082644,527.0,12.8099173553719
PDHL_1 PDH,10/11/2024-10:34 AM,0.1077543935469975,1,-2.862405226115646,SPY,580.0,call,67,0.61,4087.0,10/11/2024-11:14:03 AM,0.4,34.42622950819671,0.69,13.114754098360647,0.42,-1273.0,-31.14754098360656
PDHL_1 PDH,10/14/2024-09:12 AM,0.1735727530341364,0,-6.842773412631197,SPY,584.0,call,89,0.46,4094.0,10/14/2024-09:20:03 AM,0.31,32.60869565217392,0.45,-2.1739130434782625,0.35,-979.0,-23.91304347826087
PDHL_1 PDH,10/14/2024-09:22 AM,0.210035207210808,1,-3.6476698351584624,SPY,584.0,call,93,0.44,4092.0,10/14/2024-09:50:06 AM,0.43,2.2727272727272747,0.67,52.27272727272728,0.5311827956989247,848.0,20.72336265884653
PDHL_1 PDL,10/15/2024-01:36 PM,0.2761419576183925,0,5.000644597559295,SPY,580.0,put,104,0.39,4056.0,10/15/2024-02:22:03 PM,0.29,25.64102564102565,1.32,238.46153846153845,0.5175,1326.0,32.69230769230769
PDHL_1 PDL,10/15/2024-02:32 PM,0.3241809464882408,1,1.489354726551456,SPY,579.0,put,110,0.37,4070.0,10/15/2024-02:42:04 PM,0.23,37.83783783783783,0.7,89.18918918918918,0.4389090909090908,758.0,18.624078624078624
PDHL_1 PDH,10/17/2024-10:38 AM,0.3313763303875703,0,-3.430775841189976,SPY,585.0,call,82,0.5,4150.0,10/17/2024-11:12:02 AM,0.42,16.000000000000004,0.83,65.99999999999999,0.6078313253012049,895.0,21.56626506024096
PDHL_1 PDL,10/21/2024-10:38 AM,0.3068225851982333,0,7.544910393736283,SPY,579.0,put,111,0.38,4218.0,10/21/2024-10:40:03 AM,0.24,36.8421052631579,0.37,-2.6315789473684235,0.24,-1554.0,-36.84210526315789
PDHL_1 PDL,10/21/2024-11:22 AM,0.0303731586757294,1,4.763641690726717,SPY,581.0,put,117,0.36,4212.0,10/21/2024-11:26:02 AM,0.28,22.22222222222221,0.35,-2.7777777777777803,0.28,-936.0,-22.22222222222222
PDHL_1 PDL,10/23/2024-11:18 AM,0.3506141568587964,0,1.7183580016538953,SPY,577.0,put,93,0.44,4092.0,,,,,,,,
PDHL_1 PDH,10/25/2024-09:20 AM,0.2932661009228923,0,-2.69092138783644,SPY,585.0,call,92,0.45,4140.0,10/25/2024-09:40:03 AM,0.37,17.777777777777782,0.64,42.22222222222222,0.5355434782608696,787.0,19.0096618357488
PDHL_1 PDH,10/25/2024-09:42 AM,0.0721873353792261,1,-2.433606100721162,SPY,585.0,call,92,0.45,4140.0,10/25/2024-09:44:03 AM,0.36,20.000000000000004,0.47,4.444444444444437,0.36,-828.0,-20.0
PDHL_1 PDH,10/30/2024-10:50 AM,0.2039535501386353,0,-2.099904517644892,SPY,585.0,call,130,0.32,4160.0,10/30/2024-11:10:02 AM,0.25,21.875000000000004,0.37,15.624999999999996,0.25,-910.0,-21.875
PDHL_5 PDH,11/06/2024-10:26 AM,0.3896111043649171,0,-2.7195054612725884,SPY,590.0,call,105,0.39,4095.0,11/06/2024-10:54:02 AM,0.38,2.5641025641025665,0.57,46.15384615384613,0.4635238095238095,772.0,18.852258852258853
PDHL_5 PDH,11/06/2024-11:08 AM,0.1227315534322315,1,-3.052882514794528,SPY,590.0,call,87,0.47,4089.0,11/06/2024-11:18:02 AM,0.39,17.021276595744673,0.59,25.53191489361702,0.5442528735632184,646.0,15.798483736854976
PDHL_1 PDH,11/07/2024-08:52 AM,0.2985575205661916,0,-7.032854535046138,SPY,597.0,call,102,0.41,4182.0,11/07/2024-10:04:02 AM,0.37,9.756097560975606,0.59,43.90243902439025,0.4984313725490196,902.0,21.5686274509804
PDHL_1 PDH,11/07/2024-10:22 AM,0.0842926956089513,1,-2.830652739954381,SPY,597.0,call,91,0.46,4186.0,11/07/2024-11:04:02 AM,0.42,8.69565217391305,0.62,34.782608695652165,0.5484615384615386,805.0,19.23076923076924
PDHL_1 PDH,11/08/2024-08:48 AM,0.3606045987510242,0,-4.194182788390943,SPY,598.0,call,79,0.54,4266.0,11/08/2024-09:06:03 AM,0.42,22.22222222222223,0.71,31.481481481481467,0.6187341772151899,622.0,14.580403187998126
PDHL_1 PDH,11/08/2024-09:18 AM,0.1556120323973573,1,-4.98033666798048,SPY,598.0,call,90,0.48,4272.0,11/08/2024-10:04:02 AM,0.49,-2.083333333333336,0.79,64.58333333333334,0.589438202247191,974.0,22.799625468164795
PDHL_1 PDL,11/12/2024-11:14 AM,0.2701887644579983,0,2.6611925293973218,SPY,595.0,put,108,0.4,4320.0,11/12/2024-11:28:02 AM,0.25,37.50000000000001,0.43,7.499999999999993,0.26,-1512.0,-35.0
PDHL_1 PDL,11/12/2024-11:38 AM,0.0531605196097189,1,4.574937890739933,SPY,595.0,put,140,0.31,4340.0,11/12/2024-12:14:03 PM,0.26,16.129032258064512,1.21,290.3225806451613,0.4158571428571429,1482.0,34.147465437788014
PDHL_1 PDL,11/14/2024-02:22 PM,0.2630074168509964,0,7.243455610878428,SPY,593.0,put,174,0.25,4350.0,11/14/2024-02:24:04 PM,0.12,52.0,0.26,4.000000000000004,0.12,-2262.0,-52.0
PDHL_1 PDL,11/14/2024-02:32 PM,0.2651935903751337,1,4.94041870392075,SPY,594.0,put,76,0.58,4349.999999999999,11/14/2024-02:59:01 PM,0.44,24.137931034482754,1.29,122.41379310344828,0.7479999999999999,1260.0,28.96551724137932
resistance_3 Buffer,11/15/2024-09:50 AM,0.0913704728835682,0,6.447075002861778,SPY,585.0,put,86,0.49,4263.0,11/15/2024-10:12:03 AM,0.31,36.734693877551024,0.66,34.69387755102042,0.5529885057471264,548.0,12.854797091250294
resistance_3 Buffer,11/15/2024-10:36 AM,0.4471370519277116,1,3.776909082591256,SPY,585.0,put,91,0.47,4277.0,11/15/2024-10:48:02 AM,0.39,17.021276595744673,0.73,55.319148936170215,0.5667032967032967,880.0,20.575169511339723
PDHL_5 PDL,11/15/2024-12:42 PM,0.1576298412932146,0,7.125016348901798,SPY,584.0,put,110,0.39,4290.0,11/15/2024-01:02:02 PM,0.37,5.128205128205133,0.85,117.94871794871791,0.4896363636363636,1096.0,25.547785547785544
PDHL_5 PDL,11/15/2024-01:04 PM,0.2477670582046585,1,14.305551845828658,SPY,583.0,put,143,0.3,4290.0,11/15/2024-01:10:02 PM,0.14,53.333333333333336,0.27,-9.999999999999991,0.19,-1573.0,-36.66666666666666
PDHL_1 PDH,11/19/2024-12:44 PM,0.4436139824406382,0,-0.2864765072089021,SPY,590.0,call,71,0.61,4331.0,11/19/2024-01:18:02 PM,0.58,4.9180327868852505,1.28,109.8360655737705,0.7725352112676056,1154.0,26.645116601246823
PDHL_1 PDH,11/19/2024-02:18 PM,0.2101172380703246,1,-1.025484936118872,SPY,590.0,call,161,0.27,4347.0,11/19/2024-02:32:12 PM,0.15,44.44444444444445,0.27,0.0,0.17,-1610.0,-37.03703703703704
PDHL_1 PDH,11/21/2024-10:42 AM,0.1869807952523388,0,-21.3057836175586,SPY,594.0,call,80,0.54,4320.0,11/21/2024-10:48:02 AM,0.34,37.03703703703704,0.57,5.555555555555539,0.34,-1600.0,-37.03703703703704
resistance_1 Buffer,11/25/2024-10:08 AM,0.1774449356092873,0,1.3645274328289296,SPY,597.0,put,90,0.47,4230.0,11/25/2024-10:12:06 AM,0.38,19.14893617021276,0.58,23.40425531914893,0.5516666666666666,735.0,17.375886524822697
resistance_1 Buffer,11/25/2024-10:16 AM,0.1136475787379822,1,20.80679101221581,SPY,597.0,put,94,0.45,4230.0,11/25/2024-10:20:06 AM,0.34,24.44444444444444,0.46,2.222222222222224,0.35,-940.0,-22.22222222222222
PDHL_1 PDH,11/25/2024-01:32 PM,0.2350027266563756,0,3.0052693602664213,SPY,597.0,put,78,0.53,4240.0,11/25/2024-01:42:02 PM,0.42,20.75471698113208,0.61,15.0943396226415,0.42,-880.0,-20.75471698113208
PDHL_1 PDH,11/25/2024-02:14 PM,0.2045112291418718,1,10.203973721344038,SPY,597.0,put,86,0.5,4200.0,11/25/2024-02:16:03 PM,0.34,32.0,0.48,-4.000000000000004,0.34,-1344.0,-32.0
,11/27/2024-11:16 AM,0.0877640289290866,0,18.952471548722915,SPY,597.0,put,114,0.36,4104.0,11/27/2024-11:22:03 AM,0.27,25.0,0.39,8.333333333333341,0.28,-912.0,-22.22222222222222
PDHL_1 PDL,11/27/2024-11:44 AM,0.060212991872163,0,2.176192550218629,SPY,597.0,put,128,0.32,4096.0,11/27/2024-11:48:02 AM,0.23,28.125,0.33,3.1250000000000027,0.23,-1152.0,-28.125
PDHL_1 PDH,11/29/2024-09:24 AM,0.2145492339831207,0,-5.142764557685746,SPY,602.0,call,111,0.36,3996.0,11/29/2024-09:48:02 AM,0.26,27.77777777777777,0.47,30.55555555555556,0.4205405405405405,672.0,16.816816816816818
PDHL_1 PDH,11/29/2024-09:54 AM,0.0649263920023486,1,-2.569015858166935,SPY,602.0,call,111,0.36,3996.0,11/29/2024-10:36:02 AM,0.34,5.555555555555546,0.66,83.33333333333334,0.4533333333333333,1036.0,25.925925925925924
PDHL_1 PDH,12/02/2024-10:58 AM,0.0717535947704846,0,-13.766300686787662,SPY,604.0,call,114,0.36,4104.0,12/02/2024-11:20:03 AM,0.34,5.555555555555546,0.49,36.11111111111112,0.4349999999999999,855.0,20.833333333333336
PDHL_1 PDH,12/02/2024-11:24 AM,0.0697681414764019,1,-1.177180750925323,SPY,604.0,call,91,0.45,4095.0,12/02/2024-11:30:02 AM,0.28,37.77777777777777,0.47,4.444444444444437,0.31,-1274.0,-31.11111111111111
PDHL_1 PDH,12/04/2024-08:48 AM,0.1223157319857364,0,-2.617413363262057,SPY,607.0,call,104,0.39,4056.0,12/04/2024-09:02:02 AM,0.24,38.46153846153847,0.48,23.076923076923062,0.4473076923076923,596.0,14.694280078895464
PDHL_1 PDH,12/04/2024-09:34 AM,0.2511211779570885,1,-1.4320961838313493,SPY,606.0,call,59,0.69,4071.0,12/04/2024-09:50:02 AM,0.61,11.59420289855072,0.89,28.985507246376823,0.8140677966101695,732.0,17.980840088430362
PDHL_1 PDH,12/05/2024-08:40 AM,0.0082308385099167,0,-8.497141658942594,SPY,608.0,call,72,0.57,4103.999999999999,12/05/2024-08:40:09 AM,0.57,0.0,0.57,0.0,0.57,0.0,0.0
PDHL_1 PDH,12/05/2024-09:00 AM,0.1674485176563394,1,-2.290610042613687,SPY,608.0,call,66,0.62,4092.0,12/05/2024-09:12:02 AM,0.49,20.967741935483872,0.84,35.48387096774193,0.7066666666666667,572.0,13.978494623655912
PDHL_1 PDH,12/06/2024-09:20 AM,0.1083171777667075,0,-8.23916372214247,SPY,609.0,call,65,0.64,4160.0,12/06/2024-09:32:02 AM,0.5,21.875000000000004,0.67,4.687500000000004,0.56,-520.0,-12.5
PDHL_1 PDH,12/06/2024-09:38 AM,0.1703934125866908,1,-0.4849190644307301,SPY,609.0,call,62,0.67,4154.0,12/06/2024-09:42:02 AM,0.51,23.88059701492537,0.66,-1.492537313432837,0.52,-930.0,-22.388059701492537
PDHL_1 PDL,12/09/2024-10:00 AM,0.3720175818297093,0,2.8624052254464005,SPY,604.0,put,141,0.29,4089.0,12/09/2024-10:18:02 AM,0.25,13.793103448275856,0.55,89.65517241379312,0.3537588652482269,899.0,21.98581560283688
PDHL_1 PDL,12/09/2024-11:24 AM,0.1962065034539364,1,2.2906100431046914,SPY,605.0,put,108,0.38,4104.0,12/09/2024-11:38:03 AM,0.28,26.315789473684205,0.45,18.42105263157895,0.29,-972.0,-23.684210526315788
PDHL_1 PDL,12/13/2024-10:46 AM,0.1651984362094936,0,9.09027692101743,SPY,603.0,put,105,0.39,4095.0,12/13/2024-12:38:02 PM,0.18,53.846153846153854,0.7,79.48717948717947,0.465047619047619,788.0,19.24297924297925
PDHL_1 PDL,12/13/2024-02:16 PM,0.1284315773933713,1,0.6351386244215985,SPY,604.0,put,216,0.19,4104.0,12/13/2024-02:28:03 PM,0.14,26.315789473684205,0.38,100.0,0.2379166666666666,1035.0,25.21929824561404
PDHL_1 PDH,12/16/2024-12:12 PM,0.1332626230999949,0,-1.718357999922789,SPY,607.0,call,67,0.62,4154.0,12/16/2024-12:40:03 PM,0.55,11.290322580645157,0.88,41.935483870967744,0.7385074626865672,794.0,19.114106884930187
PDHL_1 PDH,12/16/2024-12:42 PM,0.020132493836968,1,-2.177908943657909,SPY,607.0,call,57,0.73,4161.0,12/16/2024-12:52:02 PM,0.68,6.849315068493142,0.81,10.958904109589051,0.72,-57.0,-1.36986301369863
PDHL_1 PDL,12/17/2024-09:34 AM,0.2126052162099085,0,1.145762838408464,SPY,602.0,put,120,0.35,4200.0,12/17/2024-09:40:02 AM,0.24,31.428571428571427,0.35,0.0,0.25,-1200.0,-28.57142857142857
PDHL_1 PDL,12/17/2024-02:32 PM,0.1128172081323555,1,3.148096100272092,SPY,603.0,put,136,0.3,4230.0,12/17/2024-02:36:03 PM,0.18,40.0,0.3,0.0,0.19,-1551.0,-36.66666666666666
PDHL_2 PDH,12/18/2024-09:28 AM,0.3320692077937792,0,-2.2906100431046914,SPY,608.0,call,89,0.46,4094.0,12/18/2024-10:00:02 AM,0.44,4.347826086956525,0.72,56.52173913043477,0.5694382022471911,974.0,23.790913531998044
PDHL_1 PDL,12/18/2024-12:14 PM,0.1718647309320431,0,-1.230987725495898,SPY,602.0,put,128,0.32,4096.0,12/18/2024-12:20:02 PM,0.29,9.375000000000009,0.34,6.250000000000005,0.29,-384.0,-9.375
PDHL_1 PDL,12/18/2024-12:30 PM,0.223360202634808,1,-7.406912125477971,SPY,602.0,put,120,0.34,4080.0,12/18/2024-12:32:02 PM,0.28,17.64705882352941,0.34,0.0,0.28,-720.0,-17.647058823529413
PDHL_2 PDL,12/19/2024-10:48 AM,0.3507161114082464,0,-9.653613868647362,SPY,594.0,call,97,0.42,4074.0,12/19/2024-10:52:02 AM,0.3,28.57142857142857,0.44,4.761904761904766,0.31,-1067.0,-26.1904761904762
PDHL_3 PDH,12/19/2024-12:52 PM,0.4436677210164816,0,-0.5729386948823213,SPY,592.0,call,110,0.37,4070.0,12/19/2024-01:08:02 PM,0.27,27.027027027027025,0.79,113.51351351351352,0.4687272727272727,1086.0,26.683046683046683
PDHL_1 PDH,12/20/2024-01:44 PM,0.2502318098817113,0,-10.8961521413984,SPY,594.0,call,65,0.6,4080.0,12/20/2024-01:48:02 PM,0.38,36.66666666666666,0.54,-9.999999999999991,0.4,-1360.0,-33.33333333333333
PDHL_2 PDL,12/30/2024-09:10 AM,0.2436397488160082,0,25.407718108880445,SPY,580.0,put,108,0.37,3996.0,12/30/2024-09:12:02 AM,0.31,16.216216216216218,0.41,10.810810810810803,0.31,-648.0,-16.216216216216218
PDHL_2 PDL,12/30/2024-09:36 AM,0.1012804651639953,1,16.446600411574025,SPY,580.0,put,134,0.3,4020.0,12/30/2024-09:38:02 AM,0.23,23.33333333333333,0.31,3.3333333333333366,0.23,-938.0,-23.33333333333333
PDHL_2 PDH,12/30/2024-11:18 AM,0.3755731688298738,0,-4.573921259171815,SPY,592.0,call,80,0.5,4000.0,12/30/2024-11:56:03 AM,0.45,9.999999999999998,0.91,82.0,0.614625,917.0,22.925
PDHL_1 PDL,12/30/2024-12:08 PM,0.099213542125085,0,-15.506674532338572,SPY,593.0,call,100,0.39,4017.0,12/30/2024-12:24:02 PM,0.35,10.256410256410266,0.58,48.7179487179487,0.4501941747572814,620.0,15.434403783918349
PDHL_1 PDL,12/30/2024-12:42 PM,0.0569672722041332,1,-17.22343619405241,SPY,593.0,call,125,0.32,4000.0,12/30/2024-12:54:02 PM,0.27,15.624999999999996,0.41,28.12499999999999,0.3756,695.0,17.375
PDHL_2 PDH,12/30/2024-02:44 PM,0.2268825560310006,1,6.277298492101893,SPY,589.0,put,143,0.28,4004.000000000001,12/30/2024-02:46:03 PM,0.14,50.0,0.28,0.0,0.17,-1573.0,-39.285714285714285
support_3 Buffer,12/31/2024-09:58 AM,0.1339364997479606,0,9.673102350372467,SPY,585.0,put,104,0.39,3939.0,12/31/2024-10:44:02 AM,0.38,2.5641025641025665,0.96,146.15384615384613,0.4989108910891088,1100.0,27.92586951002793
support_3 PDL,12/31/2024-11:12 AM,0.2554681173446624,0,4.8260370341661565,SPY,583.0,put,116,0.34,3944.0,12/31/2024-11:20:02 AM,0.23,32.35294117647059,0.38,11.764705882352937,0.25,-1044.0,-26.47058823529412
support_3 PDL,12/31/2024-11:22 AM,0.4337795014264429,1,3.433630362871447,SPY,583.0,put,110,0.36,3960.0,12/31/2024-11:56:02 AM,0.3,16.666666666666664,0.68,88.8888888888889,0.4390909090909091,870.0,21.96969696969697
PDHL_1 PDL,01/02/2025-09:54 AM,0.0025676698783172,0,52.55671779799356,SPY,583.0,put,134,0.3,4020.0,01/02/2025-09:56:03 AM,0.19,36.66666666666666,0.29,-3.3333333333333366,0.23,-938.0,-23.33333333333333
PDHL_1 PDL,01/02/2025-10:00 AM,0.0268501944425452,1,13.083840524637395,SPY,584.0,put,95,0.42,3990.0,01/02/2025-10:20:02 AM,0.37,11.904761904761903,1.11,164.2857142857143,0.5410526315789473,1150.0,28.82205513784461
support_1 Buffer,01/02/2025-01:02 PM,0.0590955117460225,0,14.03624346792648,SPY,579.0,put,100,0.4,4000.0,01/02/2025-01:02:07 PM,0.41,-2.4999999999999885,0.41,2.4999999999999885,0.41,100.0,2.5
PDHL_1 PDL,01/03/2025-09:00 AM,0.2568488834406253,0,-15.079398296994302,SPY,592.0,call,103,0.39,4017.0,01/03/2025-09:02:03 AM,0.27,30.769230769230766,0.36,-7.692307692307699,0.27,-1236.0,-30.76923076923077
PDHL_1 PDL,01/03/2025-10:20 AM,0.1246488764869582,1,-9.528675136594371,SPY,591.0,call,91,0.44,4004.0,01/03/2025-11:00:02 AM,0.38,13.636363636363637,1.06,140.9090909090909,0.5654945054945055,1142.0,28.52147852147852
PDHL_2 PDL,01/06/2025-09:02 AM,0.4136646871306766,0,-15.96052949262712,SPY,600.0,call,98,0.41,4018.0,01/06/2025-09:02 AM,0.3,26.82926829268292,0.59,43.90243902439025,0.4849,735.0,18.3
PDHL_3 PDL,01/06/2025-01:46 PM,0.203260490564503,0,3.4336303623175985,SPY,594.0,put,139,0.29,4031.0,01/06/2025-01:48:02 PM,0.21,27.58620689655172,0.29,0.0,0.22,-973.0,-24.13793103448276
PDHL_3 PDL,01/06/2025-01:56 PM,0.1649481510461328,1,0.5729386982170411,SPY,594.0,put,161,0.25,4025.0,01/06/2025-02:24:03 PM,0.18,28.000000000000004,0.59,136.0,0.3101863354037267,969.0,24.07453416149068
PDHL_2 PDL,01/07/2025-11:36 AM,0.0583632112213763,0,20.304473708259028,SPY,588.0,put,110,0.37,4070.0,01/07/2025-11:58:02 AM,0.31,16.216216216216218,0.67,81.0810810810811,0.4592727272727272,982.0,24.127764127764127
PDHL_1 PDL,01/08/2025-08:46 AM,0.2864757593557669,0,7.823453171003068,SPY,581.0,put,117,0.35,4095.0,01/08/2025-08:50:02 AM,0.28,19.999999999999982,0.45,28.57142857142858,0.4072649572649572,670.0,16.36141636141636
PDHL_3 PDH,01/08/2025-09:28 AM,0.3255132013987349,0,22.29362916022228,SPY,581.0,put,111,0.37,4107.0,01/08/2025-09:36:01 AM,0.23,37.83783783783783,0.41,10.810810810810803,0.26,-1221.0,-29.72972972972973
PDHL_1 PDL,01/08/2025-11:00 AM,0.201085177698701,1,-2.202074250039684,SPY,592.0,call,102,0.4,4080.0,01/08/2025-11:04:02 AM,0.24,40.00000000000001,0.39,-2.500000000000002,0.24,-1632.0,-40.0
PDHL_3 PDH,01/08/2025-12:46 PM,0.1591873901963936,1,-12.952764515529417,SPY,591.0,call,124,0.33,4092.0,01/08/2025-12:48:02 PM,0.24,27.27272727272728,0.32,-3.030303030303033,0.25,-992.0,-24.24242424242424
PDHL_3 PDL,01/10/2025-11:24 AM,0.1516197202513467,0,6.495561834945237,SPY,576.0,put,104,0.38,3952.0,01/10/2025-11:26:01 AM,0.27,28.947368421052627,0.37,-2.6315789473684235,0.27,-1144.0,-28.94736842105264
PDHL_3 PDH,01/10/2025-12:46 PM,0.4076497707970929,0,-6.842773412367924,SPY,585.0,call,88,0.44,3960.0,01/10/2025-12:48:01 PM,0.31,29.545454545454547,0.42,-4.545454545454549,0.31,-1170.0,-29.545454545454547
PDHL_1 PDL,01/10/2025-01:46 PM,0.3346230622815938,0,14.57421619541468,SPY,580.0,put,123,0.32,3936.0,01/10/2025-01:56:03 PM,0.21,34.37500000000001,0.45,40.625,0.3691056910569106,604.0,15.345528455284551
PDHL_1 PDL,01/13/2025-11:46 AM,0.2165146934820541,0,-3.783854959014457,SPY,580.0,call,74,0.52,3848.0,01/13/2025-12:20:01 PM,0.44,15.384615384615389,0.94,80.76923076923075,0.6486486486486488,952.0,24.74012474012474
PDHL_1 PDL,01/13/2025-12:26 PM,0.1993586198199182,1,-4.659579179740099,SPY,581.0,call,99,0.39,3861.0,01/13/2025-12:44:01 PM,0.32,17.94871794871795,0.59,51.28205128205126,0.4732323232323231,824.0,21.34162134162134
PDHL_3 PDL,01/13/2025-12:46 PM,0.0605756050290438,0,-16.172159017751405,SPY,581.0,call,94,0.42,3864.0,01/13/2025-12:56:01 PM,0.34,19.04761904761904,0.59,40.47619047619048,0.4871739130434783,618.0,15.993788819875776
PDHL_3 PDL,01/13/2025-01:12 PM,0.0495121252831722,1,-12.018825646086016,SPY,581.0,call,101,0.38,3838.0,01/13/2025-01:14:02 PM,0.3,21.052631578947373,0.39,2.6315789473684235,0.3,-808.0,-21.052631578947366
PDHL_3 PDL,01/14/2025-09:26 AM,0.0347723905254042,0,-17.22343619126331,SPY,587.0,call,87,0.44,3916.0,01/14/2025-09:28:01 AM,0.34,22.72727272727272,0.46,4.545454545454549,0.36,-712.0,-18.181818181818183
PDHL_1 PDH,01/14/2025-01:08 PM,0.3254044432715091,0,-8.922602065192915,SPY,584.0,call,65,0.6,3900.0,01/14/2025-01:14:02 PM,0.38,36.66666666666666,0.65,8.333333333333341,0.45,-975.0,-25.0
PDHL_1 PDH,01/14/2025-01:18 PM,0.2122350181994079,1,-1.8797380562083088,SPY,584.0,call,71,0.55,3905.000000000001,01/14/2025-01:28:01 PM,0.43,21.818181818181827,0.67,21.818181818181813,0.6290140845070423,561.0,14.366197183098592
PDHL_2 PDH,01/15/2025-01:48 PM,0.1728571463291928,0,-9.926245507083165,SPY,594.0,call,125,0.31,3875.0,01/15/2025-02:30:02 PM,0.21,32.25806451612904,0.4,29.03225806451613,0.3608,635.0,16.387096774193548
PDHL_2 PDH,01/15/2025-02:34 PM,0.0929024774933395,1,-5.7973745215547074,SPY,594.0,call,129,0.3,3870.0,01/15/2025-02:36:02 PM,0.24,20.0,0.33,10.000000000000009,0.24,-774.0,-20.0
resistance_1 Buffer,01/17/2025-08:36 AM,0.2095692637174124,0,-16.69924423399123,SPY,600.0,call,129,0.3,3870.0,01/17/2025-08:38:03 AM,0.23,23.33333333333333,0.29,-3.3333333333333366,0.23,-903.0,-23.33333333333333
resistance_1 Buffer,01/17/2025-08:46 AM,0.0887026113269939,1,-4.330865097999321,SPY,599.0,call,81,0.48,3888.0,01/17/2025-09:00:01 AM,0.32,33.33333333333333,0.57,18.75,0.39,-729.0,-18.75
resistance_1 PDH,01/17/2025-10:08 AM,0.2917001712695537,0,-5.14560631549107,SPY,599.0,call,63,0.61,3843.0,01/17/2025-10:34:02 AM,0.53,13.114754098360647,1.02,67.21311475409837,0.7482539682539683,871.0,22.66458495966693
resistance_1 PDH,01/17/2025-10:36 AM,0.0749051150468176,1,-8.530765609621966,SPY,600.0,call,97,0.4,3880.0,01/17/2025-10:44:02 AM,0.35,12.50000000000001,0.44,9.999999999999996,0.35,-485.0,-12.5
PDHL_1 PDH,01/21/2025-09:00 AM,0.0374613638222172,0,-22.04794746356277,SPY,603.0,call,89,0.43,3827.0,01/21/2025-09:02:01 AM,0.32,25.581395348837205,0.4,-6.9767441860465045,0.34,-801.0,-20.930232558139537
PDHL_1 PDH,01/21/2025-09:40 AM,0.1920687810265917,1,-11.859779121033156,SPY,602.0,call,85,0.45,3825.0,01/21/2025-09:46:01 AM,0.39,13.333333333333334,0.51,13.333333333333334,0.3899999999999999,-510.0,-13.333333333333334
resistance_1 PDH,01/21/2025-12:24 PM,0.2130993212239218,0,-6.27729848551153,SPY,603.0,call,67,0.57,3819.0,01/21/2025-12:28:01 PM,0.46,19.29824561403508,0.57,0.0,0.49,-536.0,-14.035087719298245
resistance_1 PDH,01/21/2025-12:34 PM,0.0493250027866452,1,-1.4617482936706168,SPY,603.0,call,76,0.51,3825.0,01/21/2025-12:42:01 PM,0.36,29.41176470588236,0.55,7.843137254901968,0.36,-1125.0,-29.411764705882355
,01/21/2025-12:52 PM,0.0232950427474634,0,-3.1583781346387347,SPY,603.0,call,93,0.41,3813.0,01/21/2025-01:04:02 PM,0.36,12.19512195121951,0.46,12.195121951219525,0.38,-279.0,-7.317073170731707
PDHL_1 PDH,01/23/2025-12:24 PM,0.2924052268882633,0,-0.5729386982170411,SPY,608.0,call,58,0.63,3654.0,01/23/2025-12:42:01 PM,0.44,30.15873015873016,0.65,3.174603174603177,0.44,-1102.0,-30.15873015873016
PDHL_1 PDH,01/23/2025-02:22 PM,0.1998346772703598,1,-4.004172941107643,SPY,608.0,call,91,0.4,3640.0,01/23/2025-02:32:02 PM,0.22,45.0,0.45,12.499999999999996,0.25,-1365.0,-37.5
PDHL_1 PDH,01/24/2025-08:38 AM,0.4307267162771495,0,-0.5729386976959912,SPY,612.0,call,118,0.3,3540.0,01/24/2025-08:58:02 AM,0.27,9.999999999999991,0.47,56.66666666666666,0.3633898305084746,748.0,21.12994350282485
PDHL_1 PDH,01/24/2025-09:00 AM,0.2064936903825582,1,-3.776044984882505,SPY,612.0,call,95,0.38,3534.0,01/24/2025-09:02:01 AM,0.26,31.57894736842105,0.38,0.0,0.26,-1116.0,-31.57894736842105
PDHL_2 PDL,01/27/2025-10:16 AM,0.3381105914896807,0,12.407418527464367,SPY,594.0,put,100,0.35,3500.0,01/27/2025-10:38:01 AM,0.29,17.142857142857142,0.58,65.71428571428571,0.4296,796.0,22.742857142857144
PDHL_2 PDL,01/27/2025-12:08 PM,0.2141883328972653,1,7.688447769335145,SPY,594.0,put,100,0.35,3500.0,01/27/2025-12:32:01 PM,0.2,42.85714285714285,0.39,11.42857142857144,0.25,-1000.0,-28.57142857142857
resistance_2 PDH,01/28/2025-11:32 AM,0.2428181589366431,0,-1.7756005265445962,SPY,605.0,call,106,0.33,3498.0,01/28/2025-11:42:01 AM,0.22,33.333333333333336,0.36,9.09090909090908,0.28,-530.0,-15.151515151515152
resistance_2 PDH,01/28/2025-11:54 AM,0.127820108868832,1,-1.1670354596385508,SPY,605.0,call,113,0.31,3503.0,01/28/2025-12:24:02 PM,0.29,6.451612903225811,0.63,103.2258064516129,0.3983185840707964,998.0,28.48986582928918
PDHL_1 PDH,01/30/2025-02:10 PM,0.3884508229886023,0,-4.009874541558758,SPY,607.0,call,104,0.34,3536.0,01/30/2025-02:32:02 PM,0.29,14.705882352941188,0.51,49.99999999999999,0.4081730769230768,709.0,20.050904977375566
PDHL_1 PDH,01/30/2025-02:34 PM,0.0802466292090002,1,-11.585126224684352,SPY,607.0,call,98,0.36,3528.0,01/30/2025-02:36:01 PM,0.28,22.22222222222221,0.38,5.555555555555561,0.31,-490.0,-13.88888888888889
PDHL_1 PDH,01/31/2025-08:48 AM,0.3147901259334276,0,-18.52084947742613,SPY,610.0,call,84,0.42,3528.0,01/31/2025-09:46:02 AM,0.33,21.428571428571423,0.81,92.85714285714288,0.535,966.0,27.380952380952383
resistance_1 Buffer,01/31/2025-09:50 AM,0.3285768663077988,0,-4.79750944473187,SPY,611.0,call,95,0.37,3515.0,01/31/2025-10:18:01 AM,0.3,18.91891891891892,0.45,21.621621621621625,0.4373684210526316,640.0,18.207681365576104
resistance_1 Buffer,01/31/2025-11:22 AM,0.3849463283469276,1,-1.3211783190118322,SPY,610.0,call,68,0.52,3536.0,01/31/2025-11:46:01 AM,0.44,15.384615384615389,0.66,26.923076923076927,0.5992647058823529,539.0,15.24321266968326
PDHL_1 PDH,01/31/2025-12:50 PM,0.2825323909495409,1,19.57538648021497,SPY,603.0,put,107,0.33,3531.0,01/31/2025-01:32:02 PM,0.28,15.151515151515149,1.24,275.7575757575757,0.4438317757009345,1218.0,34.49447748513169
PDHL_2 PDH,02/03/2025-01:26 PM,0.3690589163304594,0,-2.839543612570158,SPY,601.0,call,70,0.54,3672.0,02/03/2025-01:36:02 PM,0.35,35.18518518518519,0.54,0.0,0.36,-1224.0,-33.33333333333333
PDHL_1 PDH,02/04/2025-09:28 AM,0.4323832593142924,0,-11.859779120766976,SPY,604.0,call,79,0.46,3634.0,02/04/2025-09:48:01 AM,0.32,30.434782608695656,0.48,4.3478260869565135,0.37,-711.0,-19.565217391304348
PDHL_1 PDH,02/04/2025-10:02 AM,0.2818112786783331,1,-3.62389259566459,SPY,604.0,call,93,0.4,3640.0,02/04/2025-10:44:01 AM,0.36,10.000000000000009,0.52,30.0,0.4651648351648351,593.0,16.291208791208792
resistance_3 Buffer,02/04/2025-11:14 AM,0.1306215909746697,0,-11.585126225751203,SPY,604.0,call,101,0.36,3636.0,02/04/2025-11:18:01 AM,0.2,44.44444444444444,0.36,0.0,0.22,-1414.0,-38.88888888888889
resistance_3 Buffer,02/04/2025-02:52 PM,0.0138091346739201,1,-5.568737078725464,SPY,602.0,call,65,0.56,3640.000000000001,02/04/2025-02:59:01 PM,0.53,5.357142857142862,0.74,32.14285714285713,0.693076923076923,865.0,23.763736263736263
PDHL_1 PDH,02/05/2025-12:48 PM,0.1927468214070131,0,-1.145762838130654,SPY,603.0,call,51,0.7,3570.0,02/05/2025-12:54:01 PM,0.52,25.714285714285705,0.71,1.42857142857143,0.55,-765.0,-21.428571428571427
PDHL_1 PDH,02/05/2025-01:16 PM,0.1488238433189508,1,-6.560196400044665,SPY,603.0,call,48,0.75,3600.0,02/05/2025-01:28:02 PM,0.63,16.0,0.82,9.333333333333329,0.68,-336.0,-9.333333333333334
PDHL_1 PDL,02/06/2025-11:10 AM,0.1331032214801553,0,1.1457628386862737,SPY,602.0,put,111,0.32,3552.0,02/06/2025-11:18:01 AM,0.27,15.624999999999996,0.35,9.374999999999991,0.27,-555.0,-15.625
PDHL_1 PDL,02/06/2025-12:58 PM,0.1751283733540276,1,1.1457628392418937,SPY,604.0,put,77,0.46,3542.0,02/06/2025-01:06:01 PM,0.38,17.39130434782609,0.51,10.8695652173913,0.38,-616.0,-17.391304347826086
resistance_1 PDH,02/06/2025-01:58 PM,0.0222741166940068,0,7.114451244712372,SPY,602.0,put,115,0.31,3565.0,02/06/2025-02:06:01 PM,0.27,12.903225806451609,0.4,29.03225806451613,0.3618260869565218,596.0,16.718092566619916
PDHL_1 PDH,02/07/2025-08:40 AM,0.3140776163473902,0,-16.172159015828697,SPY,610.0,call,93,0.38,3534.0,02/07/2025-09:00:02 AM,0.33,13.157894736842104,0.43,13.157894736842104,0.3699999999999999,-93.0,-2.631578947368421
PDHL_1 PDL,02/07/2025-02:18 PM,0.3734279515095977,0,2.2906100414398285,SPY,600.0,put,72,0.5,3500.0,02/07/2025-02:34:01 PM,0.23,54.0,0.5,0.0,0.24,-1820.0,-52.0
resistance_2 PDH,02/11/2025-09:24 AM,0.2437788744891804,0,-1.718358001588816,SPY,605.0,call,66,0.53,3392.0,02/11/2025-10:06:02 AM,0.48,9.433962264150953,1.03,94.33962264150942,0.65375,792.0,23.349056603773587
PDHL_2 PDL,02/11/2025-12:00 PM,0.1638734718942487,0,1.432096185497835,SPY,603.0,put,71,0.48,3408.0,02/11/2025-12:10:02 PM,0.34,29.166666666666657,0.5,4.166666666666671,0.34,-994.0,-29.166666666666668
PDHL_2 PDL,02/11/2025-12:30 PM,0.0569760087848862,1,-2.917840836882018,SPY,604.0,call,57,0.59,3422.0,02/11/2025-12:56:02 PM,0.57,3.38983050847458,1.45,145.76271186440678,0.7527586206896552,944.0,27.58620689655172
PDHL_2 PDH,02/11/2025-01:52 PM,0.333816850599419,0,-2.31921159499308,SPY,606.0,call,132,0.26,3432.0,02/11/2025-02:08:02 PM,0.13,50.0,0.26,0.0,0.16,-1320.0,-38.46153846153847
PDHL_1 PDH,02/13/2025-09:58 AM,0.1129089083046892,0,-4.834082844287393,SPY,608.0,call,64,0.54,3402.0,02/13/2025-10:18:01 AM,0.5,7.407407407407414,0.68,25.925925925925924,0.6357142857142858,603.0,17.724867724867725
PDHL_1 PDH,02/13/2025-10:20 AM,0.1379659669377133,1,-5.142764557685746,SPY,608.0,call,54,0.63,3402.0,02/13/2025-10:22:02 AM,0.53,15.87301587301587,0.62,-1.5873015873015883,0.53,-540.0,-15.873015873015872
PDHL_1 PDH,02/19/2025-01:34 PM,0.2256984661302112,0,-2.967556788875989,SPY,613.0,call,92,0.37,3404.0,02/19/2025-01:48:01 PM,0.29,21.621621621621625,0.44,18.91891891891892,0.3,-644.0,-18.91891891891892
PDHL_1 PDH,02/19/2025-02:16 PM,0.0297845206874853,1,-3.685278532685619,SPY,613.0,call,117,0.29,3392.9999999999995,02/19/2025-02:20:01 PM,0.24,17.241379310344826,0.36,24.13793103448276,0.3337606837606837,512.0,15.089890951959916
PDHL_1 PDL,02/20/2025-09:44 AM,0.2892050008088063,0,3.450757130993167,SPY,605.0,put,113,0.3,3390.0,02/20/2025-10:10:01 AM,0.25,16.666666666666664,0.54,80.00000000000001,0.3575221238938053,650.0,19.174041297935105
resistance_1 PDH,02/20/2025-10:32 AM,0.0680812319643564,0,5.482454991032281,SPY,606.0,put,77,0.44,3388.0,02/20/2025-10:44:02 AM,0.41,6.818181818181825,0.68,54.54545454545456,0.5346753246753247,729.0,21.51711924439197
resistance_1 PDH,02/20/2025-12:30 PM,0.1072990395118722,1,10.203973724574428,SPY,607.0,put,79,0.43,3397.0,02/20/2025-12:32:01 PM,0.31,27.906976744186046,0.45,4.651162790697678,0.31,-948.0,-27.906976744186046
PDHL_1 PDL,02/21/2025-10:10 AM,0.1456398781597272,0,2.290610042549737,SPY,604.0,put,92,0.37,3404.0,02/21/2025-10:14:01 AM,0.3,18.91891891891892,0.44,18.91891891891892,0.31,-552.0,-16.216216216216218
PDHL_1 PDL,02/21/2025-11:28 AM,0.3850341457768991,1,12.483906972428672,SPY,604.0,put,85,0.4,3400.0,02/21/2025-12:18:02 PM,0.37,7.500000000000007,2.33,482.5,0.5368235294117647,1163.0,34.205882352941174
resistance_1 Buffer,02/21/2025-02:46 PM,0.3931887614336347,0,1.2806949366389744,SPY,599.0,put,155,0.21,3423.0,02/21/2025-02:50:02 PM,0.12,42.85714285714285,0.27,28.571428571428587,0.2417791411042944,518.0,15.132924335378323
resistance_1 Buffer,02/21/2025-02:58 PM,0.3360735310410518,1,0.6617622161917512,SPY,600.0,put,90,0.38,3420.0,02/21/2025-02:59:00 PM,0.28,26.315789473684205,0.42,10.52631578947368,0.28,-900.0,-26.31578947368421
PDHL_1 PDL,02/24/2025-09:44 AM,0.4053566117923992,0,10.203973722151634,SPY,593.0,put,107,0.33,3432.0,02/24/2025-09:50:01 AM,0.25,24.24242424242425,0.34,3.030303030303033,0.26,-728.0,-21.21212121212121
PDHL_1 PDL,02/24/2025-09:54 AM,0.3717634624441643,1,7.4069121287575985,SPY,593.0,put,111,0.32,3424.0,02/24/2025-10:00:01 AM,0.22,31.25,0.4,25.000000000000007,0.3661682242990654,494.0,14.427570093457945
PDHL_3 PDH,02/25/2025-09:48 AM,0.0908179777476334,0,14.343972120931754,SPY,587.0,put,110,0.3,3420.0,02/25/2025-09:50:01 AM,0.23,23.33333333333333,0.3,0.0,0.24,-684.0,-20.0
PDHL_3 PDH,02/25/2025-10:00 AM,0.2062757572933833,1,10.216079068443758,SPY,588.0,put,90,0.38,3420.0,02/25/2025-10:14:01 AM,0.35,7.89473684210527,0.62,63.1578947368421,0.4731111111111111,838.0,24.502923976608187
resistance_1 Buffer,02/25/2025-11:22 AM,0.2868180628910295,0,1.1457628392418937,SPY,589.0,put,92,0.36,3420.0,02/25/2025-11:26:01 AM,0.25,30.55555555555556,0.39,8.333333333333341,0.25,-1045.0,-30.55555555555556
resistance_1 PDH,02/25/2025-02:16 PM,0.0186858054631784,0,-19.29004621899066,SPY,596.0,call,95,0.35,3430.0,02/25/2025-02:18:02 PM,0.28,19.999999999999982,0.37,5.71428571428572,0.28,-686.0,-20.0
PDHL_1 PDH,02/26/2025-10:20 AM,0.1927981106192646,0,-6.277298490454302,SPY,603.0,call,90,0.37,3330.0,02/26/2025-10:24:01 AM,0.28,24.32432432432432,0.37,0.0,0.31,-540.0,-16.216216216216218
support_1 PDL,02/27/2025-02:26 PM,0.368229738286459,0,25.64100582343791,SPY,585.0,put,114,0.29,3305.9999999999995,02/27/2025-02:52:01 PM,0.11,62.06896551724138,0.51,75.86206896551727,0.3378070175438596,545.0,16.48517846339988
PDHL_1 PDL,02/28/2025-08:48 AM,0.2769714261319222,0,13.216794200368549,SPY,575.0,put,111,0.3,3330.0,02/28/2025-08:50:01 AM,0.22,26.666666666666668,0.28,-6.666666666666654,0.27,-333.0,-10.0
PDHL_1 PDL,02/28/2025-08:56 AM,0.2133631687910337,1,7.197659583433332,SPY,576.0,put,108,0.31,3348.0,02/28/2025-09:00:01 AM,0.23,25.80645161290322,0.34,9.677419354838715,0.23,-864.0,-25.806451612903224
,02/28/2025-09:46 AM,0.3299163257019017,0,-11.982801922512513,SPY,592.0,call,77,0.43,3311.0,02/28/2025-09:48:02 AM,0.35,18.6046511627907,0.46,6.976744186046519,0.35,-616.0,-18.6046511627907
support_1 Buffer,03/03/2025-09:38 AM,0.3509609134382572,0,11.139308262779997,SPY,587.0,put,85,0.38,3230.0,03/03/2025-09:40:01 AM,0.26,31.57894736842105,0.39,2.6315789473684235,0.29,-765.0,-23.684210526315788
support_1 Buffer,03/03/2025-10:08 AM,0.3811272521428464,1,14.84222705736057,SPY,587.0,put,90,0.36,3240.0,03/03/2025-10:14:01 AM,0.27,25.0,0.43,19.444444444444446,0.28,-720.0,-22.22222222222222
PDHL_1 PDL,03/04/2025-09:48 AM,0.4454034340068347,0,10.528483320851729,SPY,565.0,put,102,0.31,3162.0,03/04/2025-09:50:01 AM,0.23,25.80645161290322,0.28,-9.6774193548387,0.26,-510.0,-16.129032258064516
PDHL_1 PDL,03/06/2025-12:50 PM,0.2609586525220493,0,27.47443162624213,SPY,566.0,put,98,0.32,3136.0,03/06/2025-12:52:01 PM,0.25,21.875000000000004,0.31,-3.1250000000000027,0.25,-686.0,-21.875
PDHL_1 PDL,03/06/2025-01:16 PM,0.1328672022613091,1,9.870642846086003,SPY,567.0,put,87,0.36,3132.0,03/06/2025-01:42:01 PM,0.31,13.888888888888888,0.64,77.77777777777779,0.4375862068965517,675.0,21.551724137931032
PDHL_1 PDL,03/10/2025-10:06 AM,0.1024403629099879,0,36.50144112052069,SPY,557.0,put,83,0.38,3154.0,03/10/2025-10:08:02 AM,0.29,23.684210526315795,0.38,0.0,0.29,-747.0,-23.684210526315788
PDHL_1 PDL,03/10/2025-10:52 AM,0.2765048864438313,1,21.801409486543484,SPY,558.0,put,93,0.34,3162.0,03/10/2025-11:30:02 AM,0.29,14.705882352941188,0.53,55.88235294117647,0.4097849462365591,649.0,20.52498418722328
PDHL_1 PDL,03/13/2025-11:22 AM,0.3361613399207499,0,13.5174014251399,SPY,547.0,put,92,0.34,3128.0,03/13/2025-11:32:01 AM,0.26,23.529411764705884,0.38,11.764705882352937,0.26,-736.0,-23.52941176470588
PDHL_1 PDL,03/13/2025-12:26 PM,0.4213056389871781,1,18.587792160535983,SPY,546.0,put,95,0.33,3135.0,03/13/2025-12:54:01 PM,0.26,21.21212121212121,0.44,33.33333333333333,0.3826315789473684,500.0,15.94896331738437
PDHL_1 PDH,03/14/2025-10:50 AM,0.2505683272315764,0,-13.766300684690195,SPY,565.0,call,74,0.42,3108.0,03/14/2025-10:52:02 AM,0.34,19.04761904761904,0.41,-2.380952380952383,0.36,-444.0,-14.285714285714285
PDHL_1 PDH,03/14/2025-10:56 AM,0.3150377804139452,1,-7.53372895106341,SPY,565.0,call,76,0.41,3116.0,03/14/2025-11:04:02 AM,0.36,12.19512195121951,0.46,12.195121951219525,0.36,-380.0,-12.195121951219512
PDHL_1 PDL,03/18/2025-10:22 AM,0.2112408247646726,0,3.372626416644958,SPY,556.0,put,70,0.43,3096.0,03/18/2025-10:26:01 AM,0.37,13.953488372093023,0.48,11.627906976744184,0.38,-360.0,-11.627906976744184
PDHL_1 PDL,03/18/2025-10:30 AM,0.3375793872950225,1,2.3658139277536487,SPY,556.0,put,70,0.44,3080.0,03/18/2025-10:34:01 AM,0.36,18.181818181818183,0.47,6.818181818181812,0.36,-560.0,-18.181818181818183
resistance_1 PDH,03/18/2025-11:20 AM,0.0189439132732331,0,9.695287784196507,SPY,557.0,put,72,0.43,3096.0,,,,,,,,
PDHL_1 PDH,03/19/2025-11:04 AM,0.2457285029768172,0,-6.50364206705813,SPY,571.0,call,90,0.34,3060.0,03/19/2025-11:12:02 AM,0.32,5.8823529411764754,0.38,11.764705882352937,0.33,-90.0,-2.941176470588235
PDHL_1 PDH,03/19/2025-11:30 AM,0.0945794780536743,1,-3.992389382014143,SPY,570.0,call,66,0.46,3036.0,03/19/2025-11:32:01 AM,0.4,13.043478260869565,0.46,0.0,0.4,-396.0,-13.043478260869565
resistance_2 Buffer,03/19/2025-02:38 PM,0.1161702128608794,0,-8.977179986983588,SPY,569.0,call,68,0.42,3024.0,03/19/2025-02:50:02 PM,0.25,40.47619047619048,0.82,95.23809523809524,0.5166666666666667,696.0,23.015873015873016
resistance_1 PDH,03/21/2025-08:54 AM,0.2220631491275071,0,6.018379430355202,SPY,552.0,put,87,0.35,3045.0,03/21/2025-08:56:01 AM,0.26,25.714285714285705,0.35,0.0,0.29,-522.0,-17.142857142857142
resistance_1 PDH,03/21/2025-09:02 AM,0.3404139280589788,1,2.606304728073271,SPY,552.0,put,99,0.31,3069.0,03/21/2025-09:20:01 AM,0.2,35.48387096774193,0.38,22.580645161290324,0.3525252525252525,421.0,13.717823395242752
PDHL_1 PDL,03/21/2025-10:36 AM,0.2263174438237456,0,11.585126225751203,SPY,556.0,put,76,0.4,3040.0,03/21/2025-10:56:02 AM,0.35,12.50000000000001,0.57,42.49999999999999,0.4657894736842105,500.0,16.447368421052634
PDHL_1 PDL,03/21/2025-11:00 AM,0.3017959687734901,1,2.866691677428507,SPY,555.0,put,99,0.32,3040.0,03/21/2025-11:06:02 AM,0.22,31.25,0.36,12.499999999999991,0.2199999999999999,-950.0,-31.25
PDHL_1 PDH,03/24/2025-09:12 AM,0.0987688920122309,0,-6.261608741597706,SPY,575.0,call,95,0.31,3038.0,03/24/2025-09:34:01 AM,0.28,9.6774193548387,0.45,45.16129032258065,0.3734693877551021,622.0,20.47399605003292
PDHL_1 PDH,03/24/2025-09:48 AM,0.259418925896739,1,-1.5494903414457657,SPY,575.0,call,80,0.38,3040.0,03/24/2025-10:28:02 AM,0.34,10.52631578947368,0.55,44.73684210526317,0.445375,523.0,17.20394736842105
PDHL_1 PDH,03/25/2025-09:48 AM,0.3446730155852719,0,-2.8624052271097686,SPY,578.0,call,103,0.3,3090.0,03/25/2025-09:58:03 AM,0.24,20.0,0.35,16.666666666666664,0.24,-618.0,-20.0
PDHL_1 PDH,03/25/2025-10:02 AM,0.0337720945849469,1,-5.483590444253268,SPY,577.0,call,58,0.53,3074.0,03/25/2025-10:08:01 AM,0.51,3.773584905660381,0.59,11.32075471698112,0.51,-116.0,-3.7735849056603774
PDHL_2 PDL,03/26/2025-12:16 PM,0.2858021871591063,0,3.482174988718272,SPY,567.0,put,80,0.38,3040.0,03/26/2025-12:42:02 PM,0.35,7.89473684210527,0.94,147.36842105263156,0.4876250000000001,861.0,28.32236842105263
PDHL_2 PDL,03/26/2025-12:44 PM,0.0989648764743833,1,18.77803322077144,SPY,566.0,put,71,0.43,3053.0,03/26/2025-12:46:02 PM,0.34,20.93023255813953,0.43,0.0,0.35,-568.0,-18.6046511627907
,03/27/2025-12:36 PM,0.1780121666899958,0,27.474431624491995,SPY,565.0,put,78,0.39,3042.0,03/27/2025-12:48:01 PM,0.29,25.64102564102565,0.52,33.33333333333333,0.4449999999999999,429.0,14.102564102564102
PDHL_1 PDL,03/28/2025-09:46 AM,0.4194162206304099,0,20.178380074400994,SPY,555.0,put,75,0.41,3075.0,03/28/2025-10:12:02 AM,0.39,4.878048780487796,0.72,75.60975609756098,0.5112,759.0,24.682926829268293
PDHL_1 PDL,03/28/2025-10:16 AM,0.1128390451940504,1,10.026282655553048,SPY,554.0,put,86,0.36,3096.0,03/28/2025-10:18:01 AM,0.3,16.666666666666664,0.37,2.7777777777777803,0.3,-516.0,-16.666666666666664
support_1 Buffer,03/31/2025-10:16 AM,0.0735671178300663,0,-19.03443435464644,SPY,556.0,call,66,0.46,3082.0,03/31/2025-11:00:01 AM,0.44,4.347826086956525,0.89,93.4782608695652,0.5829850746268657,824.0,26.73588578844906
support_1 Buffer,03/31/2025-11:04 AM,0.0640113408466049,1,-10.53660794274366,SPY,557.0,call,62,0.49,3087.0,03/31/2025-11:06:01 AM,0.42,14.285714285714288,0.52,6.122448979591842,0.42,-441.0,-14.285714285714285
PDHL_1 PDH,04/01/2025-10:58 AM,0.2818572584658341,0,-9.09027692101743,SPY,564.0,call,65,0.48,3120.0,04/01/2025-11:24:01 AM,0.42,12.5,0.8,66.66666666666669,0.5867692307692308,694.0,22.24358974358974
below_support_1 PDL,04/03/2025-01:06 PM,,,,SPY,538.0,put,68,0.46,3128.0
below_support_1 PDL,04/03/2025-01:46 PM,,,,SPY,538.0,put,90,0.35,3150.0
below_support_1 PDL,04/03/2025-01:52 PM,,,,SPY,539.0,put,81,0.39,3159.0
below_support_1 PDL,04/03/2025-02:02 PM,,,,SPY,539.0,put,77,0.41,3157.0
Finally had V3 of program working...
