volume,vw,open,close,high,low,timestamp,n,timestamp.1,EMA_13,EMA_48,EMA_200
635013.0,500.7684,501.97,502.04,502.08,501.87,1708030800000,1183.0,2024-02-15 16:00:00-05:00,502.04,502.04,502.04
107127.0,502.0563,502.03,502.07,502.16,501.96,1708030920000,426.0,2024-02-15 16:02:00-05:00,502.04428571428576,502.0412244897959,502.0402985074628
69227.0,502.1317,502.08,502.2,502.22,502.05,1708031040000,266.0,2024-02-15 16:04:00-05:00,502.06653061224495,502.0477051228655,502.04188757704026
549801.0,500.637,502.22,502.23,502.3,502.2,1708031160000,472.0,2024-02-15 16:06:00-05:00,502.08988338192427,502.0551457300954,502.04375934244285
22105.0,502.248,502.24,502.35,502.35,502.19,1708031280000,133.0,2024-02-15 16:08:00-05:00,502.1270428987923,502.0671805982548,502.0468065131648
2937964.0,501.8563,502.32,502.26,502.32,502.24,1708031400000,168.0,2024-02-15 16:10:00-05:00,502.14603677039344,502.07505077791785,502.04892784139207
20694.0,502.256,502.27,502.17,502.29,502.17,1708031520000,147.0,2024-02-15 16:12:00-05:00,502.1494600889087,502.07892625637015,502.05013253948766
53171.0,502.1258,502.17,502.14,502.18,502.07,1708031640000,203.0,2024-02-15 16:14:00-05:00,502.148108647636,502.0814190622326,502.0510267430749
145308.0,502.2124,502.14,502.28,502.28,502.13,1708031760000,439.0,2024-02-15 16:16:00-05:00,502.1669502694023,502.08952440663126,502.0533050839398
41515.0,502.2926,502.28,502.31,502.32,502.25,1708031880000,191.0,2024-02-15 16:18:00-05:00,502.1873859452021,502.0985234104422,502.0558592622091
30706.0,502.2967,502.3,502.25,502.33,502.25,1708032000000,155.0,2024-02-15 16:20:00-05:00,502.1963308101732,502.1047061283833,502.0577910108439
49682.0,502.2465,502.27,502.28,502.28,502.22,1708032120000,211.0,2024-02-15 16:22:00-05:00,502.208283551577,502.111860980286,502.0600020455618
8480.0,502.2514,502.26,502.25,502.27,502.23,1708032240000,78.0,2024-02-15 16:24:00-05:00,502.2142430442089,502.1174993076213,502.06189257247166
261971.0,499.0773,502.25,502.3,502.32,502.25,1708032360000,85.0,2024-02-15 16:26:00-05:00,502.22649403789336,502.12494831547343,502.0642618006063
32887.0,502.3512,502.3,502.43,502.43,501.752,1708032480000,151.0,2024-02-15 16:28:00-05:00,502.2555663181943,502.1373994046378,502.0679009866699
29426.0,502.3812,502.42,502.36,502.43,502.35,1708032600000,123.0,2024-02-15 16:30:00-05:00,502.2704854155952,502.146485143224,502.070807444514
17607.0,502.3762,502.35,502.37,502.38,502.35,1708032720000,115.0,2024-02-15 16:32:00-05:00,502.2847017847959,502.1556081986026,502.07378448486713
9800.0,502.3745,502.37,502.39,502.39,502.36,1708032840000,111.0,2024-02-15 16:34:00-05:00,502.2997443869679,502.1651752109045,502.0769309079033
18939.0,502.3823,502.41,502.38,502.41,502.36,1708032960000,93.0,2024-02-15 16:36:00-05:00,502.311209474544,502.1739435696431,502.07994652076
11083.0,502.3808,502.38,502.38,502.4,502.36,1708033080000,69.0,2024-02-15 16:38:00-05:00,502.32103669246624,502.18235403618826,502.0829321275186
4854.0,502.3353,502.39,502.28,502.39,502.28,1708033200000,79.0,2024-02-15 16:40:00-05:00,502.3151743078282,502.1863395857316,502.0848930018717
13865.0,502.2649,502.27,502.25,502.28,502.24,1708033320000,86.0,2024-02-15 16:42:00-05:00,502.3058636924242,502.18893796998736,502.0865358575745
26757.0,502.2423,502.25,502.24,502.28,502.24,1708033440000,100.0,2024-02-15 16:44:00-05:00,502.2964545935065,502.1910221344776,502.08806286396685
45248.0,502.2956,502.24,502.37,502.37,502.24,1708033560000,143.0,2024-02-15 16:46:00-05:00,502.3069610801485,502.1983273534785,502.090868208604
20811.0,502.3514,502.37,502.33,502.39,502.33,1708033680000,156.0,2024-02-15 16:48:00-05:00,502.310252354413,502.2037017472141,502.093247629414
23140.0,502.3113,502.33,502.3,502.34,502.3,1708033800000,119.0,2024-02-15 16:50:00-05:00,502.30878773235406,502.2076322881441,502.0953048669323
18902.0,502.3513,502.33,502.36,502.37,502.28,1708033920000,113.0,2024-02-15 16:52:00-05:00,502.3161037705892,502.2138513784239,502.0979386493509
25570.0,502.4306,502.38,502.48,502.48,502.38,1708034040000,106.0,2024-02-15 16:54:00-05:00,502.339517517648,502.2247145874678,502.10174025483
17752.0,502.4688,502.45,502.49,502.5,502.43,1708034160000,104.0,2024-02-15 16:56:00-05:00,502.3610150151269,502.2355425634895,502.1056035358765
4704.0,502.427,502.44,502.36,502.46,502.36,1708034280000,68.0,2024-02-15 16:58:00-05:00,502.3608700129659,502.2406224588572,502.10813484397727
6638.0,502.3611,502.41,502.32,502.42,502.32,1708034400000,54.0,2024-02-15 17:00:00-05:00,502.3550314396851,502.2438623584957,502.11024295498254
4142.0,502.314,502.32,502.31,502.32,502.31,1708034520000,46.0,2024-02-15 17:02:00-05:00,502.348598376873,502.2465618540673,502.1122305872713
7263.0,502.3104,502.31,502.31,502.33,502.31,1708034640000,45.0,2024-02-15 17:04:00-05:00,502.343084323034,502.2491511661462,502.1141984421244
11350.0,502.2921,502.32,502.29,502.32,502.29,1708034760000,67.0,2024-02-15 17:06:00-05:00,502.33550084831495,502.2508184654872,502.115947711357
3912.0,502.2577,502.27,502.25,502.27,502.25,1708034880000,33.0,2024-02-15 17:08:00-05:00,502.3232864414129,502.25078505873256,502.11728156497537
1444.0,502.263,502.27,502.24,502.27,502.24,1708035000000,18.0,2024-02-15 17:10:00-05:00,502.3113883783539,502.2503448522537,502.11850264393087
1940.0,502.2551,502.26,502.26,502.27,502.25,1708035120000,26.0,2024-02-15 17:12:00-05:00,502.3040471814462,502.2507389399168,502.1199105778221
1597.0,502.2583,502.26,502.27,502.27,502.25,1708035240000,27.0,2024-02-15 17:14:00-05:00,502.2991832983825,502.2515251056344,502.12140400490847
8624.0,502.2693,502.27,502.27,502.27,502.26,1708035360000,30.0,2024-02-15 17:16:00-05:00,502.2950142557564,502.2522791829555,502.1228825720238
3479.0,502.3078,502.27,502.28,502.35,502.27,1708035480000,36.0,2024-02-15 17:18:00-05:00,502.29286936207694,502.2534106448756,502.1244459295161
5183.0,502.258,502.28,502.25,502.28,502.23,1708035600000,39.0,2024-02-15 17:20:00-05:00,502.2867451674945,502.2532714348807,502.1256952237498
104.0,502.2309,502.23,502.23,502.23,502.23,1708035720000,4.0,2024-02-15 17:22:00-05:00,502.27863871499534,502.2523215803957,502.12673308222
5625.0,502.2081,502.23,502.26,502.26,502.2,1708035840000,34.0,2024-02-15 17:24:00-05:00,502.2759760414246,502.2526349852775,502.12805912120285
9289.0,502.1881,502.2,502.1601,502.2,502.1601,1708035960000,62.0,2024-02-15 17:26:00-05:00,502.2594223212211,502.2488580471029,502.1283779359173
863.0,502.1662,502.16,502.17,502.17,502.16,1708036080000,21.0,2024-02-15 17:28:00-05:00,502.2466477039039,502.2456393513028,502.12879208580864
4327.0,502.1923,502.18,502.26,502.26,502.18,1708036200000,31.0,2024-02-15 17:30:00-05:00,502.2485551747748,502.2462255002292,502.1300976371936
2334.0,502.1601,502.16,502.16,502.16,502.16,1708036320000,19.0,2024-02-15 17:32:00-05:00,502.2359044355212,502.2427060920565,502.130395173142
403881.0,502.012,502.16,502.15,502.2,502.01,1708036440000,66.0,2024-02-15 17:34:00-05:00,502.22363237330393,502.2389221699317,502.1305902460461
369.0,502.1743,502.17,502.17,502.17,502.17,1708036560000,15.0,2024-02-15 17:36:00-05:00,502.2159706056891,502.23610902013854,502.1309823829013
251.0,502.174,502.17,502.17,502.17,502.17,1708036680000,9.0,2024-02-15 17:38:00-05:00,502.209403376305,502.2334106927859,502.13137061789735
1647.0,502.1982,502.19,502.23,502.23,502.19,1708036800000,19.0,2024-02-15 17:40:00-05:00,502.2123457511186,502.2332714808354,502.132352004784
767.0,502.201,502.23,502.17,502.23,502.17,1708036920000,32.0,2024-02-15 17:42:00-05:00,502.2062963581017,502.2306889714136,502.1327266117015
529.0,502.1815,502.17,502.2,502.2,502.17,1708037040000,20.0,2024-02-15 17:44:00-05:00,502.20539687837294,502.2294363603354,502.1333959986498
2134.0,502.1992,502.25,502.19,502.25,502.19,1708037160000,46.0,2024-02-15 17:46:00-05:00,502.2031973243197,502.2278267129747,502.1339592225439
3360.0,502.1909,502.19,502.17,502.2,502.17,1708037280000,31.0,2024-02-15 17:48:00-05:00,502.198454849417,502.2254664389757,502.1343178372449
4044.0,502.199,502.17,502.249,502.25,502.16,1708037400000,37.0,2024-02-15 17:50:00-05:00,502.2056755852146,502.2264269924869,502.1354589532922
328.0,502.2461,502.25,502.25,502.25,502.25,1708037520000,12.0,2024-02-15 17:52:00-05:00,502.2120076444697,502.2273891560589,502.1365986651998
106.0,502.1991,502.2,502.2,502.2,502.2,1708037640000,4.0,2024-02-15 17:54:00-05:00,502.2102922666883,502.2262712313217,502.1372295242526
756.0,502.2058,502.2,502.22,502.22,502.2,1708037760000,20.0,2024-02-15 17:56:00-05:00,502.2116790857328,502.2260152626964,502.138053111076
274.0,502.1984,502.2,502.2,502.2,502.2,1708037880000,15.0,2024-02-15 17:58:00-05:00,502.2100106449139,502.2249534152393,502.1386694980305
23729.0,502.2724,502.2,502.26,502.3,502.2,1708038000000,140.0,2024-02-15 18:00:00-05:00,502.2171519813548,502.2263838880867,502.1398767667068
15294.0,502.2418,502.28,502.24,502.28,502.22,1708038120000,80.0,2024-02-15 18:02:00-05:00,502.2204159840184,502.2269396477566,502.1408730177844
1632.0,502.1805,502.21,502.14,502.21,502.14,1708038240000,37.0,2024-02-15 18:04:00-05:00,502.2089279863016,502.22339109070526,502.1408643310402
557.0,502.1429,502.14,502.14,502.14,502.14,1708038480000,7.0,2024-02-15 18:08:00-05:00,502.1990811311156,502.2199873727173,502.1408557307314
6104.0,502.1401,502.14,502.14,502.14,502.14,1708038600000,18.0,2024-02-15 18:10:00-05:00,502.1906409695277,502.2167225819941,502.1408472159978
611.0,502.1789,502.18,502.18,502.18,502.18,1708038960000,13.0,2024-02-15 18:16:00-05:00,502.1891208310238,502.2152237010964,502.1412367959381
5121.0,502.1701,502.17,502.18,502.18,502.17,1708039320000,16.0,2024-02-15 18:22:00-05:00,502.1878178551633,502.2137859990109,502.1416224994612
644.0,502.1596,502.17,502.12,502.17,502.12,1708039440000,21.0,2024-02-15 18:24:00-05:00,502.17812959014,502.2099579990512,502.1414073502129
301.0,502.1758,502.2,502.1509,502.2,502.1509,1708039680000,14.0,2024-02-15 18:28:00-05:00,502.1742396486915,502.2075474684776,502.14150180443966
126.0,502.154,502.15,502.15,502.15,502.15,1708039800000,15.0,2024-02-15 18:30:00-05:00,502.1707768417356,502.2051985922132,502.14158636359946
232.0,502.1301,502.13,502.13,502.13,502.13,1708039920000,9.0,2024-02-15 18:32:00-05:00,502.16495157863056,502.2021292619188,502.14147107639945
1786.0,502.1301,502.13,502.13,502.13,502.13,1708040040000,8.0,2024-02-15 18:34:00-05:00,502.1599584959691,502.1991852104119,502.1413569363358
487.0,502.1099,502.13,502.1,502.13,502.1,1708040160000,14.0,2024-02-15 18:36:00-05:00,502.1513929965449,502.1951368344767,502.1409454245315
348.0,502.2243,502.2,502.24,502.24,502.2,1708040400000,13.0,2024-02-15 18:40:00-05:00,502.1640511398957,502.1969679840899,502.1419310421979
514.0,502.2539,502.25,502.25,502.25,502.25,1708040520000,11.0,2024-02-15 18:42:00-05:00,502.1763295484821,502.1991325561679,502.1430063552109
208.0,502.2894,502.29,502.29,502.29,502.29,1708040640000,9.0,2024-02-15 18:44:00-05:00,502.1925681844133,502.2028414314263,502.1444689785421
109.0,502.2008,502.2,502.2,502.2,502.2,1708040760000,8.0,2024-02-15 18:46:00-05:00,502.1936298723543,502.20272545463337,502.1450215260193
463.0,502.1283,502.12,502.13,502.13,502.12,1708041480000,12.0,2024-02-15 18:58:00-05:00,502.1845398905894,502.1997570687299,502.1448720580988
1607.0,502.1385,502.13,502.16,502.16,502.13,1708041600000,15.0,2024-02-15 19:00:00-05:00,502.1810341919338,502.19813433123073,502.1450225848839
1070.0,502.104,502.13,502.08,502.13,502.08,1708041720000,22.0,2024-02-15 19:02:00-05:00,502.1666007359433,502.19331252179273,502.1443755939896
4992.0,502.011,502.06,502.0,502.06,502.0,1708041840000,65.0,2024-02-15 19:04:00-05:00,502.14280063080855,502.1854222147808,502.14293902091504
490.0,502.0793,502.08,502.08,502.08,502.08,1708041960000,8.0,2024-02-15 19:06:00-05:00,502.1338291121217,502.1811192672386,502.1423127620005
203.0,502.0775,502.08,502.08,502.08,502.08,1708042080000,8.0,2024-02-15 19:08:00-05:00,502.1261392389615,502.1769919502085,502.1416927345179
1144.0,501.9606,501.96,501.96,501.96,501.96,1708042320000,16.0,2024-02-15 19:12:00-05:00,502.102405061967,502.1681351359143,502.1398848466123
1775.0,501.9313,501.95,501.93,501.95,501.93,1708042440000,18.0,2024-02-15 19:14:00-05:00,502.07777576740034,502.1584153344484,502.1377964401784
497.0,501.9505,501.95,501.95,501.95,501.95,1708042560000,21.0,2024-02-15 19:16:00-05:00,502.0595220863432,502.1499085861035,502.1359278188831
178.0,501.951,501.95,501.95,501.95,501.95,1708042680000,8.0,2024-02-15 19:18:00-05:00,502.0438760740085,502.1417490519768,502.1340777908345
1441.0,501.8473,501.9096,501.83,501.9096,501.83,1708042920000,30.0,2024-02-15 19:22:00-05:00,502.0133223491501,502.12902460087565,502.1310521411745
554.0,501.7796,501.78,501.78,501.78,501.78,1708043040000,16.0,2024-02-15 19:24:00-05:00,501.9799905849858,502.1147786987991,502.12755908504346
1352.0,501.7942,501.76,501.79,501.82,501.76,1708043160000,28.0,2024-02-15 19:26:00-05:00,501.952849072845,502.1015224253787,502.1242002881774
869.0,501.7477,501.77,501.72,501.77,501.71,1708043280000,33.0,2024-02-15 19:28:00-05:00,501.9195849195815,502.0859500814857,502.1201783947627
1133.0,501.7498,501.75,501.75,501.75,501.75,1708043400000,16.0,2024-02-15 19:30:00-05:00,501.8953585024985,502.0722378332618,502.1164950276506
1499.0,501.7635,501.75,501.76,501.77,501.75,1708043520000,18.0,2024-02-15 19:32:00-05:00,501.8760215735701,502.0594934319042,502.1129478134452
282.0,501.7564,501.76,501.76,501.76,501.76,1708043640000,11.0,2024-02-15 19:34:00-05:00,501.85944706306014,502.0472692101938,502.1094358949034
852.0,501.7594,501.78,501.75,501.78,501.75,1708043760000,21.0,2024-02-15 19:36:00-05:00,501.8438117683373,502.035135773043,502.1058594183373
1151.0,501.729,501.7396,501.74,501.74,501.72,1708043880000,24.0,2024-02-15 19:38:00-05:00,501.8289815157177,502.0230894149596,502.1022190261151
950.0,501.7183,501.72,501.71,501.75,501.71,1708044000000,19.0,2024-02-15 19:40:00-05:00,501.8119841563295,502.0103102551653,502.0983163492383
410.0,501.7395,501.74,501.74,501.74,501.74,1708044120000,7.0,2024-02-15 19:42:00-05:00,501.8017007054253,501.9992771835259,502.09475101243
506.0,501.7099,501.71,501.71,501.71,501.71,1708044240000,10.0,2024-02-15 19:44:00-05:00,501.7886006046503,501.9874699515453,502.0909226441471
3287.0,501.7445,501.749,501.71,501.75,501.71,1708044480000,23.0,2024-02-15 19:48:00-05:00,501.7773719468431,501.9761446474005,502.08713236908096
13240.0,501.6555,501.7,501.61,501.71,501.61,1708044600000,55.0,2024-02-15 19:50:00-05:00,501.7534616687227,501.9611999679148,502.08238478331896
1913.0,501.6019,501.61,501.61,501.61,501.57,1708044720000,30.0,2024-02-15 19:52:00-05:00,501.73296714461947,501.94686527534674,502.0776844372163
20198.0,501.554,501.59,501.6,501.6,501.5,1708044840000,67.0,2024-02-15 19:54:00-05:00,501.7139718382453,501.9327075090061,502.07293135823903
11974.0,501.5065,501.55,501.57,501.57,501.49,1708044960000,48.0,2024-02-15 19:56:00-05:00,501.6934044327817,501.9179031208833,502.0679270661173
10413.0,501.5368,501.55,501.61,501.61,501.52,1708045080000,38.0,2024-02-15 19:58:00-05:00,501.68148951381295,501.9053356465615,502.0633705778972
1883.0,502.6895,502.41,502.72,502.72,502.41,1708074000000,36.0,2024-02-16 04:00:00-05:00,501.8298481546968,501.9385872528243,502.0699042039879
283.0,502.7245,502.72,502.73,502.73,502.72,1708074120000,9.0,2024-02-16 04:02:00-05:00,501.9584412754545,501.9708898139335,502.0764723213612
896.0,502.717,502.73,502.7,502.73,502.7,1708074240000,14.0,2024-02-16 04:04:00-05:00,502.06437823610383,502.0006494133647,502.0826765768701
1169.0,502.6645,502.72,502.64,502.72,502.64,1708074360000,18.0,2024-02-16 04:06:00-05:00,502.14660991666045,502.0267453556764,502.0882220835679
803.0,502.5995,502.55,502.62,502.62,502.55,1708074600000,10.0,2024-02-16 04:10:00-05:00,502.21423707142327,502.05095983095487,502.09351340611954
859.0,502.5771,502.57,502.59,502.59,502.57,1708074720000,18.0,2024-02-16 04:12:00-05:00,502.2679174897914,502.0729614705077,502.0984535712328
1423.0,502.6029,502.6,502.6,502.6,502.6,1708074840000,11.0,2024-02-16 04:14:00-05:00,502.3153578483927,502.0944732472217,502.1034440829619
1341.0,502.6832,502.71,502.7,502.71,502.65,1708075200000,8.0,2024-02-16 04:20:00-05:00,502.37030672719374,502.1191886248861,502.1093799627335
310.0,502.7115,502.71,502.71,502.71,502.71,1708075440000,3.0,2024-02-16 04:24:00-05:00,502.4188343375946,502.1433033748907,502.11535628151233
2019.0,502.8633,502.75,502.92,502.92,502.75,1708075560000,23.0,2024-02-16 04:26:00-05:00,502.490429432224,502.1750052779564,502.1233626866714
255.0,502.9803,502.97,502.98,502.98,502.97,1708075680000,11.0,2024-02-16 04:28:00-05:00,502.5603680847634,502.20786220538673,502.131886441033
633.0,503.0101,502.99,503.04,503.04,502.99,1708075800000,11.0,2024-02-16 04:30:00-05:00,502.62888692979726,502.2418270133301,502.1409223968436
484.0,503.0132,503.02,503.0,503.02,503.0,1708075920000,8.0,2024-02-16 04:32:00-05:00,502.6819030826834,502.2727728495207,502.149470432696
2491.0,502.9603,503.03,502.93,503.03,502.93,1708076040000,17.0,2024-02-16 04:34:00-05:00,502.7173454994429,502.2995984474995,502.15723689605227
7929.0,502.9005,502.9,502.9,502.91,502.9,1708076160000,24.0,2024-02-16 04:36:00-05:00,502.74343899952254,502.32410463331576,502.1646275737035
443.0,502.8301,502.83,502.83,502.83,502.83,1708076640000,5.0,2024-02-16 04:44:00-05:00,502.7558048567337,502.3447534237926,502.1712481948608
576.0,502.8319,502.83,502.82,502.83,502.82,1708076760000,7.0,2024-02-16 04:46:00-05:00,502.764975591486,502.3641512432296,502.1777034367029
1009.0,502.8491,502.83,502.86,502.86,502.82,1708076880000,6.0,2024-02-16 04:48:00-05:00,502.778550506988,502.3843899679957,502.18449245723326
7804.0,502.8013,502.83,502.8,502.83,502.8,1708077120000,19.0,2024-02-16 04:52:00-05:00,502.7816147202755,502.4013536427714,502.1906169103952
250.0,502.8,502.8,502.8,502.8,502.8,1708077360000,2.0,2024-02-16 04:56:00-05:00,502.7842411888076,502.4176249226583,502.19668042372456
147.0,503.0,503.0,503.0,503.0,503.0,1708077840000,3.0,2024-02-16 05:04:00-05:00,502.8150638761208,502.4413953339783,502.2046736533393
1200.0,503.05,503.05,503.05,503.05,503.05,1708077960000,4.0,2024-02-16 05:06:00-05:00,502.8486261795321,502.4662363407547,502.21308486076873
387.0,503.0064,503.01,503.0,503.01,503.0,1708078080000,7.0,2024-02-16 05:08:00-05:00,502.8702510110276,502.4880226125606,502.2209148621541
301.0,503.12,503.12,503.12,503.12,503.12,1708078320000,4.0,2024-02-16 05:12:00-05:00,502.9059294380236,502.5138176079663,502.2298609829288
502.0,503.0701,503.07,503.07,503.07,503.07,1708078560000,3.0,2024-02-16 05:16:00-05:00,502.92936808973457,502.5365189300901,502.2382205751384
499.0,503.1384,503.14,503.13,503.14,503.13,1708078920000,6.0,2024-02-16 05:22:00-05:00,502.95802979120106,502.5607426472292,502.2470940022515
473.0,503.1263,503.11,503.17,503.17,503.11,1708079040000,14.0,2024-02-16 05:24:00-05:00,502.98831124960094,502.585610294281,502.2562771465077
128.0,503.2337,503.23,503.23,503.23,503.23,1708079280000,3.0,2024-02-16 05:28:00-05:00,503.02283821394366,502.6119119149226,502.2659659311197
100.0,503.18,503.18,503.18,503.18,503.18,1708079400000,1.0,2024-02-16 05:30:00-05:00,503.045289897666,502.6350991837013,502.2750607974767
101.0,503.1398,503.14,503.14,503.14,503.14,1708079520000,2.0,2024-02-16 05:32:00-05:00,503.0588199122852,502.65570738028487,502.2836671577008
144.0,503.1161,503.11,503.11,503.11,503.11,1708079640000,3.0,2024-02-16 05:34:00-05:00,503.0661313533873,502.6742499361916,502.2918893750372
206.0,503.1642,503.16,503.16,503.16,503.16,1708079760000,4.0,2024-02-16 05:36:00-05:00,503.0795411600463,502.6940764694082,502.3005272917035
231.0,503.2265,503.25,503.2,503.25,503.2,1708080000000,7.0,2024-02-16 05:40:00-05:00,503.096749565754,502.71472640943233,502.3094772689005
106.0,503.2998,503.3,503.3,503.3,503.3,1708080120000,3.0,2024-02-16 05:42:00-05:00,503.1257853420749,502.7386151274147,502.3193332164736
356.0,503.2951,503.3,503.29,503.3,503.29,1708080240000,4.0,2024-02-16 05:44:00-05:00,503.14924457892135,502.7611206324181,502.32899159242913
868.0,503.2501,503.25,503.25,503.25,503.25,1708080480000,5.0,2024-02-16 05:48:00-05:00,503.163638210504,502.7810748923194,502.3381558551911
454.0,503.1241,503.12,503.12,503.12,503.12,1708080960000,10.0,2024-02-16 05:56:00-05:00,503.157404180432,502.7949085701839,502.3459353989206
514.0,503.0788,503.06,503.1,503.1,503.06,1708081200000,4.0,2024-02-16 06:00:00-05:00,503.14920358322746,502.8073612816049,502.3534385292796
100.0,503.08,503.08,503.08,503.08,503.08,1708081320000,1.0,2024-02-16 06:02:00-05:00,503.13931735705216,502.8184893925598,502.36066799665
100.0,503.08,503.08,503.08,503.08,503.08,1708081440000,1.0,2024-02-16 06:04:00-05:00,503.1308434489019,502.8291632949043,502.3678255290216
255.0,503.1094,503.11,503.11,503.11,503.11,1708081560000,3.0,2024-02-16 06:06:00-05:00,503.1278658133445,502.8406260175613,502.3752103496284
525.0,503.2176,503.22,503.22,503.22,503.22,1708081680000,3.0,2024-02-16 06:08:00-05:00,503.1410278400096,502.85611066990566,502.3836162167962
100.0,503.28,503.28,503.28,503.28,503.28,1708081920000,1.0,2024-02-16 06:12:00-05:00,503.16088100572256,502.8734122752156,502.3925354584202
416.0,503.2601,503.26,503.26,503.26,503.26,1708082040000,5.0,2024-02-16 06:14:00-05:00,503.175040862048,502.8891913660231,502.4011669463962
740.0,503.1121,503.09,503.16,503.16,503.09,1708082280000,8.0,2024-02-16 06:18:00-05:00,503.17289216746974,502.9002447796547,502.408717524044
494.0,503.0973,503.1,503.1,503.1,503.1,1708082400000,5.0,2024-02-16 06:20:00-05:00,503.1624790006884,502.9083980539545,502.41559595664063
210.0,503.1381,503.16,503.12,503.16,503.12,1708082760000,3.0,2024-02-16 06:26:00-05:00,503.1564105720186,502.9170348680788,502.422604952097
510.0,503.1,503.1,503.1,503.1,503.1,1708083000000,4.0,2024-02-16 06:30:00-05:00,503.1483519188731,502.92450283264697,502.4293452013299
20830.0,503.1906,503.13,503.15,503.2,503.13,1708083120000,19.0,2024-02-16 06:32:00-05:00,503.1485873590341,502.9337067986613,502.4365158958441
322.0,503.17,503.17,503.17,503.17,503.17,1708083240000,3.0,2024-02-16 06:34:00-05:00,503.1516463077436,502.9433514191241,502.4438142451392
240.0,503.1825,503.2,503.2,503.2,503.2,1708083600000,5.0,2024-02-16 06:40:00-05:00,503.158553978066,502.9538268714047,502.451338481506
646.0,503.1986,503.2,503.2,503.2,503.2,1708083720000,6.0,2024-02-16 06:42:00-05:00,503.1644748383423,502.9638747542045,502.4587878498492
150.0,503.19,503.19,503.19,503.19,503.19,1708083840000,3.0,2024-02-16 06:44:00-05:00,503.16812129000766,502.9731043560737,502.4660635926368
210.0,503.0812,503.08,503.08,503.08,503.08,1708083960000,4.0,2024-02-16 06:46:00-05:00,503.1555325342923,502.9774674435809,502.4721724126105
2466.0,502.9857,503.07,503.01,503.07,502.96,1708084080000,25.0,2024-02-16 06:48:00-05:00,503.1347421722506,502.9787953030265,502.477523930893
1198.0,503.0127,503.01,503.04,503.04,503.01,1708084200000,9.0,2024-02-16 06:50:00-05:00,503.1212075762149,502.98129345392334,502.4831207077001
217.0,503.0562,503.05,503.05,503.05,503.05,1708084320000,11.0,2024-02-16 06:52:00-05:00,503.1110350653271,502.9840978027428,502.4887612976733
1099.0,503.1058,503.12,503.11,503.12,503.11,1708084560000,37.0,2024-02-16 06:56:00-05:00,503.1108871988518,502.9892366679369,502.4949427772984
2293.0,503.1011,503.1,503.1,503.1,503.08,1708084800000,42.0,2024-02-16 07:00:00-05:00,503.1093318847301,502.993757620266,502.5009632471761
43646.0,502.8883,503.09,503.02,503.09,502.54,1708084920000,234.0,2024-02-16 07:02:00-05:00,503.0965701869116,502.9948287378061,502.5061277919804
3890.0,503.0154,503.0,503.06,503.06,503.0,1708085040000,43.0,2024-02-16 07:04:00-05:00,503.0913458744957,502.9974887893242,502.5116389582293
3790.0,503.0255,503.05,503.01,503.05,503.01,1708085160000,32.0,2024-02-16 07:06:00-05:00,503.0797250352821,502.9979994509844,502.51659777456535
936.0,502.981,503.0,502.96,503.0,502.96,1708085280000,25.0,2024-02-16 07:08:00-05:00,503.0626214588133,502.996448452985,502.5210097370075
4891.0,502.9049,502.94,502.91,502.94,502.9,1708085400000,39.0,2024-02-16 07:10:00-05:00,503.0408183932686,502.9929199446999,502.5248802868881
519.0,502.904,502.91,502.91,502.91,502.91,1708085520000,10.0,2024-02-16 07:12:00-05:00,503.0221300513731,502.9895354571611,502.5287123238344
5088.0,502.8638,502.9,502.81,502.9,502.81,1708085640000,40.0,2024-02-16 07:14:00-05:00,502.9918257583198,502.98220747931776,502.5315112061844
4605.0,502.8212,502.85,502.77,502.85,502.77,1708085760000,35.0,2024-02-16 07:16:00-05:00,502.96013636427415,502.9735459495497,502.5338842290084
1451.0,502.7613,502.78,502.75,502.78,502.75,1708085880000,24.0,2024-02-16 07:18:00-05:00,502.9301168836636,502.9644216250783,502.53603463468994
2889.0,502.7542,502.75,502.8,502.8,502.75,1708086000000,35.0,2024-02-16 07:20:00-05:00,502.911528757426,502.9577105383404,502.5386611557378
984.0,502.8844,502.88,502.9,502.9,502.88,1708086120000,14.0,2024-02-16 07:22:00-05:00,502.9098817920794,502.9553550061632,502.5422565671236
745.0,502.8643,502.86,502.87,502.87,502.86,1708086240000,12.0,2024-02-16 07:24:00-05:00,502.904184393211,502.95187112836055,502.54551769580894
1091.0,502.8838,502.9,502.88,502.9,502.88,1708086360000,34.0,2024-02-16 07:26:00-05:00,502.9007294798951,502.9489376129172,502.5488458779402
1927.0,502.8631,502.881,502.84,502.89,502.83,1708086480000,30.0,2024-02-16 07:28:00-05:00,502.89205383991015,502.9444911797369,502.55174293388114
311.0,502.7175,502.71,502.71,502.71,502.71,1708086600000,15.0,2024-02-16 07:30:00-05:00,502.8660461484944,502.9349201111762,502.5533176310565
5020.0,502.7391,502.7,502.76,502.76,502.7,1708086720000,42.0,2024-02-16 07:32:00-05:00,502.8508966987095,502.92778051480167,502.555374172041
1111.0,502.7266,502.73,502.74,502.74,502.7,1708086960000,30.0,2024-02-16 07:36:00-05:00,502.8350543131796,502.92011600399337,502.55721124495614
1950.0,502.7032,502.71,502.69,502.71,502.69,1708087080000,30.0,2024-02-16 07:38:00-05:00,502.81433226843967,502.9107235140344,502.55853252610086
2000.0,502.7484,502.77,502.78,502.78,502.73,1708087200000,44.0,2024-02-16 07:40:00-05:00,502.8094276586626,502.9053878604003,502.5607361825576
3013.0,502.6935,502.75,502.68,502.75,502.68,1708087320000,59.0,2024-02-16 07:42:00-05:00,502.7909379931394,502.8961883558941,502.5619228872088
6353.0,502.6793,502.67,502.71,502.71,502.67,1708087440000,52.0,2024-02-16 07:44:00-05:00,502.7793754226909,502.88858883116376,502.56339629131617
746.0,502.8311,502.83,502.83,502.83,502.83,1708087560000,25.0,2024-02-16 07:46:00-05:00,502.7866075051637,502.8861974502999,502.56604906453697
1565.0,502.8316,502.86,502.78,502.86,502.78,1708087680000,28.0,2024-02-16 07:48:00-05:00,502.7856635758546,502.8818628604917,502.5681779295665
616.0,502.7892,502.82,502.76,502.82,502.76,1708087920000,30.0,2024-02-16 07:52:00-05:00,502.7819973507326,502.87688886618594,502.5700866068842
679.0,502.7107,502.71,502.7,502.71,502.7,1708088040000,26.0,2024-02-16 07:54:00-05:00,502.7702834434851,502.869668912464,502.57137927746254
489.0,502.6835,502.69,502.68,502.69,502.68,1708088160000,17.0,2024-02-16 07:56:00-05:00,502.7573858087016,502.86192732420017,502.5724600806719
3251.0,502.657,502.67,502.65,502.67,502.65,1708088280000,19.0,2024-02-16 07:58:00-05:00,502.7420449788871,502.8532772293348,502.5732316221577
30734.0,502.8494,503.1016,502.7,503.2896,501.89,1708088400000,860.0,2024-02-16 08:00:00-05:00,502.73603855333175,502.84702101589255,502.5744929990517
5641.0,502.6301,502.79,502.9,502.9,502.08,1708088520000,196.0,2024-02-16 08:02:00-05:00,502.7594616171416,502.8491834234071,502.577731874683
6217.0,502.6409,502.83,502.75,502.89,501.81,1708088640000,342.0,2024-02-16 08:04:00-05:00,502.7581099575499,502.8451351204109,502.57944598538273
2621.0,502.7687,502.65,502.78,502.79,502.65,1708088760000,48.0,2024-02-16 08:06:00-05:00,502.76123710647136,502.8424765440676,502.5814415477173
5208.0,502.808,502.77,502.84,502.88,502.75,1708088880000,54.0,2024-02-16 08:08:00-05:00,502.7724889484041,502.8423754606362,502.58401426863554
923.0,502.8545,502.83,502.89,502.89,502.83,1708089000000,30.0,2024-02-16 08:10:00-05:00,502.7892762414892,502.84431931938576,502.5870589027785
3919.0,502.8945,502.8701,502.89,502.91,502.8701,1708089120000,72.0,2024-02-16 08:12:00-05:00,502.803665349848,502.8461838369618,502.5900732420544
1173.0,502.8585,502.89,502.84,502.89,502.83,1708089240000,38.0,2024-02-16 08:14:00-05:00,502.8088560141554,502.8459314354532,502.5925600754668
1808.0,502.9262,502.85,502.97,502.98,502.85,1708089360000,49.0,2024-02-16 08:16:00-05:00,502.8318765835618,502.850995458496,502.5963156966065
5787.0,502.9306,502.98,502.95,502.98,502.9,1708089480000,54.0,2024-02-16 08:18:00-05:00,502.8487513573388,502.85503646019,502.5998349434065
18239.0,502.9192,502.95,502.8,502.96,502.79,1708089600000,95.0,2024-02-16 08:20:00-05:00,502.84178687771896,502.8527900740598,502.6018266355119
3825.0,502.7599,502.78,502.73,502.79,502.71,1708089720000,78.0,2024-02-16 08:22:00-05:00,502.8258173237592,502.8477782343023,502.6031019923725
15048.0,502.6506,502.66,502.78,502.78,502.58,1708089840000,124.0,2024-02-16 08:24:00-05:00,502.8192719917936,502.8450117757593,502.6048621715529
1275.0,502.7732,502.8,502.72,502.8,502.72,1708089960000,60.0,2024-02-16 08:26:00-05:00,502.8050902786803,502.8399092542997,502.6060078215872
3059.0,502.7157,502.71,502.62,502.74,502.62,1708090080000,77.0,2024-02-16 08:28:00-05:00,502.7786488102975,502.830933366369,502.6061470472431
282820.0,501.572,502.5,501.63,502.5,501.12,1708090200000,1339.0,2024-02-16 08:30:00-05:00,502.61455612311215,502.7819156779458,502.5964341413004
211115.0,501.3576,501.63,501.0899,501.63,501.03,1708090320000,723.0,2024-02-16 08:32:00-05:00,502.3967481055247,502.7128538135398,502.58144375183474
64789.0,501.0701,501.05,500.97,501.21,500.94,1708090440000,380.0,2024-02-16 08:34:00-05:00,502.19292694759264,502.6417169231912,502.5654094856473
86249.0,501.1065,500.99,501.25,501.32,500.97,1708090560000,422.0,2024-02-16 08:36:00-05:00,502.05822309793655,502.584912150816,502.5523208340488
63415.0,501.0954,501.24,501.11,501.44,500.9,1708090680000,381.0,2024-02-16 08:38:00-05:00,501.9227626553742,502.5247116548643,502.53796938296375
25826.0,501.2474,501.19,501.03,501.34,501.03,1708090800000,209.0,2024-02-16 08:40:00-05:00,501.7952251331779,502.4637030158902,502.52296471248656
15674.0,501.0377,501.01,501.11,501.19,500.97,1708090920000,212.0,2024-02-16 08:42:00-05:00,501.6973358284382,502.4084498315681,502.5089053621136
30867.0,500.9047,501.16,500.85,501.16,500.8,1708091040000,247.0,2024-02-16 08:44:00-05:00,501.5762878529471,502.3448396343612,502.4923988410975
28921.0,500.8199,500.88,500.73,500.94,500.73,1708091160000,229.0,2024-02-16 08:46:00-05:00,501.4553895882404,502.2789278125505,502.47486253422096
58537.0,500.6015,500.84,500.58,500.84,500.46,1708091280000,418.0,2024-02-16 08:48:00-05:00,501.3303339327775,502.2095838202016,502.4560081806466
40839.0,500.8463,500.6,501.05,501.0965,500.57,1708091400000,362.0,2024-02-16 08:50:00-05:00,501.290286228095,502.1622538683566,502.4420180494959
56873.0,501.0629,501.05,501.16,501.16,501.0002,1708091520000,242.0,2024-02-16 08:52:00-05:00,501.27167390979577,502.1213455471992,502.4292616509935
27318.0,501.2149,501.16,501.28,501.32,501.13,1708091640000,258.0,2024-02-16 08:54:00-05:00,501.27286335125353,502.0870049126196,502.41782621168016
18849.0,501.3137,501.25,501.28,501.37,501.25,1708091760000,202.0,2024-02-16 08:56:00-05:00,501.2738828725031,502.0540659365943,502.4065045578327
26303.0,501.4753,501.23,501.55,501.6,501.23,1708091880000,249.0,2024-02-16 08:58:00-05:00,501.3133281764312,502.03349181673326,502.3979821244214
47581.0,501.6476,501.55,501.64,501.77,501.5,1708092000000,338.0,2024-02-16 09:00:00-05:00,501.3599955797982,502.0174309262543,502.39044001373065
24887.0,501.5865,501.62,501.61,501.74,501.51,1708092120000,233.0,2024-02-16 09:02:00-05:00,501.39571049696985,502.0008010925296,502.3826744414548
14255.0,501.5015,501.64,501.39,501.65,501.39,1708092240000,121.0,2024-02-16 09:04:00-05:00,501.3948947116885,501.9758704356916,502.3727970838284
9619.0,501.4176,501.38,501.55,501.56,501.32,1708092360000,111.0,2024-02-16 09:06:00-05:00,501.41705261001874,501.9584879689287,502.36461004816846
9608.0,501.6579,501.54,501.69,501.74,501.54,1708092480000,103.0,2024-02-16 09:08:00-05:00,501.4560450943018,501.9475292763193,502.3578975103758
5478.0,501.6483,501.65,501.67,501.69,501.59,1708092600000,71.0,2024-02-16 09:10:00-05:00,501.4866100808301,501.9362015507552,502.3510527590288
11217.0,501.7746,501.64,501.73,501.85,501.64,1708092720000,148.0,2024-02-16 09:12:00-05:00,501.521380069283,501.92778516092847,502.3448731295857
5782.0,501.6202,501.71,501.5,501.72,501.5,1708092840000,114.0,2024-02-16 09:14:00-05:00,501.5183257736712,501.9103245421151,502.3364664317789
13385.0,501.5032,501.49,501.48,501.58,501.44,1708092960000,142.0,2024-02-16 09:16:00-05:00,501.5128506631468,501.8927602750899,502.32794437773134
13686.0,501.456,501.46,501.51,501.54,501.41,1708093080000,148.0,2024-02-16 09:18:00-05:00,501.5124434255544,501.8771374067189,502.31980562770417
6241.0,501.4455,501.43,501.54,501.54,501.38,1708093200000,120.0,2024-02-16 09:20:00-05:00,501.51638007904666,501.8633766962406,502.3120463677271
19444.0,501.4066,501.53,501.41,501.53,501.17,1708093320000,182.0,2024-02-16 09:22:00-05:00,501.50118292489714,501.8448715249655,502.3030707819786
26461.0,501.4167,501.4,501.59,501.6,501.31,1708093440000,239.0,2024-02-16 09:24:00-05:00,501.5138710784833,501.8344686055791,502.2959755503171
26604.0,501.5392,501.59,501.55,501.59,501.4,1708093560000,225.0,2024-02-16 09:26:00-05:00,501.5190323529857,501.8228576420861,502.2885529080255
66240.0,501.6879,501.54,501.67,501.82,501.43,1708093680000,370.0,2024-02-16 09:28:00-05:00,501.540599159702,501.816618554654,502.2823981527218
,,501.03,500.8,501.03,500.78,2024-02-16T08:44:00.029756,,,,,
,,500.9105,501.03,501.0784,500.81,2024-02-16T08:42:00.232519,,,,,
,,501.06,500.92,501.16,500.825,2024-02-16T08:40:00.046736,,,,,
,,501.01,501.05,501.32,501.0,2024-02-16T08:38:00.417994,,,,,
,,501.19,501.01,501.235,500.98,2024-02-16T08:36:00.107274,,,,,
,,501.35,501.19,501.4,501.008,2024-02-16T08:34:00.106183,,,,,
,,501.76,501.37,501.91,501.33,2024-02-16T08:32:00.093121,,,,,
,,500.8,500.975,501.05,500.73,2024-02-16T08:46:00.122442,,,,,
,,500.975,500.94,501.045,500.77,2024-02-16T08:48:00.084660,,,,,
,,500.94,500.85,501.0498,500.825,2024-02-16T08:50:00.017623,,,,,
,,500.85,500.61,500.9199,500.58,2024-02-16T08:52:00.117867,,,,,
,,500.61,500.195,500.64,500.1901,2024-02-16T08:54:00.052033,,,,,
,,500.19,499.67,500.23,499.29,2024-02-16T08:56:00.131684,,,,,
,,499.66,499.69,499.89,499.6396,2024-02-16T08:58:00.018771,,,,,
,,499.68,499.36,499.77,499.36,2024-02-16T09:00:00.490590,,,,,
,,499.37,499.19,499.58,498.78,2024-02-16T09:02:00.406132,,,,,
,,499.18,499.83,499.83,499.11,2024-02-16T09:04:00.104422,,,,,
,,499.83,499.71,499.92,499.64,2024-02-16T09:06:00.042125,,,,,
,,499.7052,499.94,499.95,499.58,2024-02-16T09:08:00.084605,,,,,
,,499.94,500.005,500.09,499.826,2024-02-16T09:10:00.192540,,,,,
,,499.99,500.26,500.365,499.94,2024-02-16T09:12:00.055151,,,,,
,,500.2798,500.21,500.3,499.9499,2024-02-16T09:14:00.060137,,,,,
,,500.21,500.22,500.25,500.1,2024-02-16T09:16:00.252921,,,,,
,,500.22,500.43,500.47,500.19,2024-02-16T09:18:00.142754,,,,,
,,500.42,500.43,500.5,500.39,2024-02-16T09:20:00.056541,,,,,
,,500.43,500.09,500.44,499.88,2024-02-16T09:22:00.056531,,,,,
,,500.09,500.17,500.2097,499.7,2024-02-16T09:24:00.243527,,,,,
,,500.17,500.105,500.22,499.81,2024-02-16T09:26:00.067727,,,,,
,,500.09,499.94,500.12,499.73,2024-02-16T09:28:00.057995,,,,,
,,499.94,500.18,500.29,499.89,2024-02-16T09:30:00.105360,,,,,
,,500.19,500.0316,500.255,499.84,2024-02-16T09:32:00.208968,,,,,
,,500.0316,499.86,500.11,499.81,2024-02-16T09:34:00.068342,,,,,
,,499.86,500.02,500.12,499.86,2024-02-16T09:36:00.137716,,,,,
,,500.02,500.5,500.55,500.02,2024-02-16T09:38:00.242632,,,,,
,,500.5001,500.88,500.885,500.46,2024-02-16T09:40:00.087382,,,,,
,,500.88,500.855,500.9403,500.635,2024-02-16T09:42:00.134653,,,,,
,,500.86,500.85,500.9,500.63,2024-02-16T09:44:00.245289,,,,,
,,500.85,500.86,500.86,500.7,2024-02-16T09:46:00.245388,,,,,
,,500.86,501.15,501.15,500.81,2024-02-16T09:48:00.047084,,,,,
,,501.1597,500.69,501.16,500.59,2024-02-16T09:50:00.248252,,,,,
,,500.69,500.78,500.83,500.66,2024-02-16T09:52:00.061220,,,,,
,,500.78,500.93,500.99,500.74,2024-02-16T09:54:00.134535,,,,,
,,500.93,500.8209,501.14,500.81,2024-02-16T09:56:00.141950,,,,,
,,500.825,500.79,500.87,500.67,2024-02-16T09:58:00.235867,,,,,
,,500.79,500.97,500.97,500.77,2024-02-16T10:00:00.117925,,,,,
,,500.97,501.14,501.19,500.905,2024-02-16T10:02:00.414098,,,,,
,,501.15,501.16,501.16,500.9585,2024-02-16T10:04:00.141452,,,,,
,,501.175,501.1543,501.29,501.1,2024-02-16T10:06:00.144182,,,,,
,,501.165,501.12,501.23,501.045,2024-02-16T10:08:00.102024,,,,,
,,501.13,501.36,501.38,501.125,2024-02-16T10:10:00.047228,,,,,
,,501.376,501.41,501.48,501.25,2024-02-16T10:12:00.239746,,,,,
,,501.4,501.47,501.58,501.38,2024-02-16T10:14:00.135605,,,,,
,,501.475,501.57,501.63,501.475,2024-02-16T10:16:00.238650,,,,,
,,501.57,501.83,501.86,501.57,2024-02-16T10:18:00.096698,,,,,
,,501.83,501.79,501.88,501.65,2024-02-16T10:20:00.332248,,,,,
,,501.79,501.96,502.045,501.77,2024-02-16T10:22:00.092127,,,,,
,,501.96,501.89,502.04,501.84,2024-02-16T10:24:00.027622,,,,,
,,501.89,501.92,502.0,501.8501,2024-02-16T10:26:00.121052,,,,,
,,501.92,501.92,501.94,501.8002,2024-02-16T10:28:00.152075,,,,,
,,501.9186,501.935,501.94,501.796,2024-02-16T10:30:00.131649,,,,,
,,501.935,502.06,502.15,501.92,2024-02-16T10:32:00.224837,,,,,
,,502.06,501.91,502.155,501.86,2024-02-16T10:34:00.055273,,,,,
,,501.91,501.68,501.97,501.63,2024-02-16T10:36:00.117528,,,,,
,,501.68,501.795,501.88,501.67,2024-02-16T10:38:00.121141,,,,,
,,501.79,501.92,501.9599,501.72,2024-02-16T10:40:00.036838,,,,,
,,501.925,501.97,502.11,501.91,2024-02-16T10:42:00.003449,,,,,
,,501.96,502.36,502.37,501.96,2024-02-16T10:44:00.459982,,,,,
,,502.33,502.23,502.36,502.175,2024-02-16T10:46:00.156343,,,,,
,,502.23,502.15,502.29,502.07,2024-02-16T10:48:00.067553,,,,,
,,502.15,502.1,502.18,502.01,2024-02-16T10:50:00.563784,,,,,
,,502.1,502.19,502.3,501.94,2024-02-16T10:52:00.060963,,,,,
,,502.19,502.23,502.3,502.05,2024-02-16T10:54:00.267024,,,,,
,,502.23,502.19,502.265,502.09,2024-02-16T10:56:00.356530,,,,,
,,502.19,502.42,502.44,502.15,2024-02-16T10:58:00.048029,,,,,
,,502.42,502.21,502.4501,502.2,2024-02-16T11:00:00.161308,,,,,
,,502.22,502.3,502.345,502.1101,2024-02-16T11:02:00.094921,,,,,
,,502.3,502.27,502.345,502.225,2024-02-16T11:04:00.198430,,,,,
,,502.29,502.175,502.36,502.06,2024-02-16T11:06:00.093315,,,,,
,,502.18,502.06,502.18,502.0,2024-02-16T11:08:00.094312,,,,,
,,502.06,501.99,502.15,501.96,2024-02-16T11:10:00.483783,,,,,
,,501.99,501.89,502.02,501.7779,2024-02-16T11:12:00.122409,,,,,
,,501.88,501.99,501.99,501.84,2024-02-16T11:14:01.093334,,,,,
,,501.99,501.84,502.04,501.81,2024-02-16T11:16:00.690947,,,,,
,,501.84,501.91,501.9494,501.7817,2024-02-16T11:18:00.295553,,,,,
,,501.91,501.9,501.98,501.84,2024-02-16T11:20:00.702185,,,,,
,,501.89,501.865,501.8913,501.78,2024-02-16T11:22:00.398984,,,,,
,,501.87,502.016,502.02,501.865,2024-02-16T11:24:00.488202,,,,,
,,502.016,502.08,502.1098,501.96,2024-02-16T11:26:00.180559,,,,,
,,502.08,502.0,502.12,501.945,2024-02-16T11:28:00.489517,,,,,
,,502.01,502.26,502.27,502.005,2024-02-16T11:30:00.287519,,,,,
,,502.2789,502.26,502.3,502.185,2024-02-16T11:32:00.178025,,,,,
,,502.25,502.14,502.27,502.05,2024-02-16T11:34:00.280504,,,,,
,,502.14,502.06,502.17,502.045,2024-02-16T11:36:00.175405,,,,,
,,502.06,501.9,502.11,501.84,2024-02-16T11:38:00.181516,,,,,
,,501.9,501.99,502.01,501.865,2024-02-16T11:40:00.570906,,,,,
,,501.98,501.96,502.03,501.86,2024-02-16T11:42:00.085132,,,,,
,,501.96,501.98,502.01,501.85,2024-02-16T11:44:00.386151,,,,,
,,501.98,502.0691,502.0691,501.9,2024-02-16T11:46:00.085049,,,,,
,,502.09,502.025,502.135,501.93,2024-02-16T11:48:00.281851,,,,,
,,502.025,502.09,502.12,502.015,2024-02-16T11:50:00.181586,,,,,
,,502.09,501.965,502.1,501.88,2024-02-16T11:52:00.277611,,,,,
,,501.965,501.9188,502.0299,501.85,2024-02-16T11:54:00.396564,,,,,
,,501.92,501.97,502.03,501.91,2024-02-16T11:56:00.179946,,,,,
,,501.97,501.7906,502.01,501.76,2024-02-16T11:58:00.065400,,,,,
,,501.79,501.82,501.86,501.66,2024-02-16T12:00:00.075186,,,,,
,,501.83,501.53,501.855,501.41,2024-02-16T12:02:00.061317,,,,,
,,501.53,501.325,501.545,501.28,2024-02-16T12:04:00.078382,,,,,
,,501.325,501.01,501.39,500.92,2024-02-16T12:06:00.126974,,,,,
,,500.9908,501.02,501.12,500.96,2024-02-16T12:08:00.047735,,,,,
,,501.02,501.145,501.25,501.005,2024-02-16T12:10:00.226908,,,,,
