volume,vw,open,close,high,low,timestamp,n
5139946.0,485.2036,484.63,485.5543,485.62,484.56,2024-02-01 14:30:00,51519
3029444.0,485.2287,485.54,485.08,485.75,484.71,2024-02-01 14:45:00,26345
5421855.0,485.2589,485.01,485.74,486.0,484.26,2024-02-01 15:00:00,51251
3526975.0,485.2747,485.74,486.18,486.205,484.99,2024-02-01 15:15:00,26291
2617081.0,485.9173,486.18,485.7,486.21,485.54,2024-02-01 15:30:00,23371
3293540.0,484.5746,485.7,484.09,485.82,484.08,2024-02-01 15:45:00,24828
2986171.0,484.1052,484.08,484.07,484.6,483.8,2024-02-01 16:00:00,23698
2583852.0,484.2816,484.1,484.57,484.71,484.09,2024-02-01 16:15:00,20579
2423427.0,484.9236,484.55,485.48,485.57,484.55,2024-02-01 16:30:00,19670
3667240.0,485.6003,485.47,485.67,485.81,485.28,2024-02-01 16:45:00,16522
4080409.0,486.4575,485.715,486.78,487.27,485.67,2024-02-01 17:00:00,31438
2037176.0,486.1874,486.78,486.4799,486.87,486.395,2024-02-01 17:15:00,15157
1747716.0,486.5396,486.46,486.64,486.745,486.37,2024-02-01 17:30:00,15817
3165432.0,487.5918,486.63,487.4,488.24,486.6,2024-02-01 17:45:00,28426
2364040.0,486.3288,487.39,487.09,487.5,486.21,2024-02-01 18:00:00,18776
2114855.0,486.1057,487.1,487.02,487.2268,486.79,2024-02-01 18:15:00,14502
2382352.0,486.6465,487.04,486.74,487.6,486.38,2024-02-01 18:30:00,20129
1626110.0,486.5643,486.75,487.23,487.48,486.75,2024-02-01 18:45:00,13482
1886013.0,487.5235,487.25,487.265,487.95,487.2,2024-02-01 19:00:00,17460
1630741.0,486.8246,487.2605,487.44,487.74,487.18,2024-02-01 19:15:00,13039
1763542.0,487.5135,487.44,487.84,487.9,487.08,2024-02-01 19:30:00,15131
3163483.0,487.466,487.83,488.53,488.5657,487.82,2024-02-01 19:45:00,21220
2858202.0,488.1015,488.54,488.6,488.99,488.22,2024-02-01 20:00:00,21403
2228483.0,487.9936,488.6094,488.69,488.77,488.495,2024-02-01 20:15:00,16541
3463720.0,487.5665,488.6901,488.76,489.08,488.635,2024-02-01 20:30:00,22455
7618479.0,488.3104,488.75,489.23,489.23,488.1,2024-02-01 20:45:00,51341
6808435.0,487.9199,489.22,490.66,490.78,484.4437,2024-02-01 21:00:00,7385
4532416.0,489.7997,489.65,490.23,490.33,489.3,2024-02-02 14:30:00,43730
4051099.0,490.3146,490.23,490.49,490.95,489.83,2024-02-02 14:45:00,31091
2045427.0,490.37,490.43,490.54,490.75,490.0,2024-02-02 15:00:00,34729
3458131.0,490.7451,490.545,490.85,491.335,490.41,2024-02-02 15:15:00,27404
3826950.0,490.9975,490.86,492.18,492.22,490.34,2024-02-02 15:30:00,27658
3227857.0,492.0769,492.175,492.18,492.42,491.74,2024-02-02 15:45:00,24755
2217280.0,492.1633,492.19,492.38,492.57,491.635,2024-02-02 16:00:00,20267
2380620.0,492.0237,492.39,492.92,493.07,492.0,2024-02-02 16:15:00,19779
2608653.0,493.3047,492.92,493.66,493.77,492.92,2024-02-02 16:30:00,22526
3008633.0,493.3544,493.67,493.57,494.04,493.37,2024-02-02 16:45:00,23177
2440435.0,493.1153,493.57,493.32,493.84,493.1901,2024-02-02 17:00:00,17214
2518786.0,493.3429,493.32,494.37,494.45,493.175,2024-02-02 17:15:00,20253
3251382.0,493.6248,494.38,492.7499,494.66,492.49,2024-02-02 17:30:00,27057
4457533.0,492.0184,492.75,493.64,493.7,492.25,2024-02-02 17:45:00,26844
2419572.0,493.4116,493.67,494.02,494.28,493.54,2024-02-02 18:00:00,17613
2111642.0,493.4511,494.0,493.75,494.545,493.51,2024-02-02 18:15:00,17598
2090670.0,493.2835,493.75,494.16,494.27,493.314,2024-02-02 18:30:00,15632
1371811.0,494.1984,494.17,494.275,494.42,493.8,2024-02-02 18:45:00,13554
2490674.0,494.8204,494.3,495.06,495.27,494.3,2024-02-02 19:00:00,22042
2520465.0,494.4327,495.06,494.95,495.39,494.6092,2024-02-02 19:15:00,19142
2972259.0,493.8093,494.99,495.46,495.75,494.9,2024-02-02 19:30:00,19022
2413603.0,495.5016,495.45,495.67,495.73,495.18,2024-02-02 19:45:00,19300
2785229.0,495.08,495.68,495.6,496.05,495.3,2024-02-02 20:00:00,19555
2536493.0,494.9716,495.61,495.895,495.92,495.175,2024-02-02 20:15:00,18875
3736538.0,494.4496,495.905,495.0,495.91,494.98,2024-02-02 20:30:00,28072
11110428.0,494.0869,494.98,494.27,495.605,494.26,2024-02-02 20:45:00,70067
6935835.0,494.0759,494.27,494.17,494.7103,492.2469,2024-02-02 21:00:00,4617
3762189.0,493.2398,493.695,493.23,493.7,492.88,2024-02-05 14:30:00,36590
2241049.0,493.4097,493.235,493.44,493.505,493.0,2024-02-05 14:45:00,21073
5145760.0,493.1384,493.39,492.025,493.44,491.83,2024-02-05 15:00:00,49157
4775523.0,492.0778,492.02,491.3901,492.04,490.79,2024-02-05 15:15:00,32603
3015231.0,491.2924,491.4,490.5099,491.5,490.31,2024-02-05 15:30:00,26624
2978996.0,491.9336,490.5,490.855,490.93,490.23,2024-02-05 15:45:00,19996
1812861.0,491.6482,490.86,491.62,491.625,490.7,2024-02-05 16:00:00,18304
2585157.0,492.4066,491.62,491.325,491.83,491.24,2024-02-05 16:15:00,17924
1838337.0,491.6811,491.33,491.65,491.9765,491.33,2024-02-05 16:30:00,18362
1390207.0,492.0732,491.66,492.14,494.3778,491.66,2024-02-05 16:45:00,14073
1543254.0,492.6521,492.14,492.44,492.585,492.03,2024-02-05 17:00:00,14094
2452247.0,493.0626,492.44,492.735,492.75,492.1,2024-02-05 17:15:00,16640
2119730.0,493.255,492.75,493.28,493.39,492.75,2024-02-05 17:30:00,16537
1335816.0,493.0389,493.29,493.03,493.32,492.855,2024-02-05 17:45:00,11640
1412330.0,493.2058,493.03,493.49,493.5,492.69,2024-02-05 18:00:00,12124
1286158.0,493.0712,493.48,492.6,493.48,492.58,2024-02-05 18:15:00,13071
1016950.0,492.8681,492.61,493.04,493.14,492.58,2024-02-05 18:30:00,11588
903495.0,493.0534,493.03,493.14,493.225,492.78,2024-02-05 18:45:00,8841
1595713.0,493.5179,493.14,493.105,493.3388,492.87,2024-02-05 19:00:00,11452
2983423.0,493.9319,493.1089,493.48,493.55,492.95,2024-02-05 19:15:00,11844
2569580.0,493.9738,493.47,493.92,494.09,493.42,2024-02-05 19:30:00,16604
1982284.0,494.1034,493.92,493.98,494.17,493.84,2024-02-05 19:45:00,13927
1876313.0,493.3889,494.0,492.78,494.03,492.77,2024-02-05 20:00:00,18048
1846637.0,493.1502,492.775,493.67,493.755,492.59,2024-02-05 20:15:00,17550
2724234.0,493.6636,493.66,493.07,493.95,493.034,2024-02-05 20:30:00,20303
9063048.0,493.2799,493.05,492.58,493.61,492.52,2024-02-05 20:45:00,52687
6531006.0,493.161,492.58,492.41,493.306,491.4696,2024-02-05 21:00:00,3348
3239569.0,493.7116,493.52,494.14,494.14,493.28,2024-02-06 14:30:00,30452
2625647.0,493.6279,494.14,493.0095,494.32,492.98,2024-02-06 14:45:00,23131
3597472.0,492.668,493.01,492.34,493.02,492.17,2024-02-06 15:00:00,37555
2867248.0,492.6246,492.34,492.5,493.05,492.05,2024-02-06 15:15:00,21465
1834105.0,492.7764,492.48,492.79,493.18,492.395,2024-02-06 15:30:00,17578
1846222.0,492.8287,492.79,492.825,493.03,492.43,2024-02-06 15:45:00,13897
1183915.0,492.8539,492.81,492.7,493.215,492.5,2024-02-06 16:00:00,12349
2193033.0,493.0885,492.6899,493.29,493.43,492.6699,2024-02-06 16:15:00,12471
1240389.0,493.1258,493.31,492.97,493.41,492.83,2024-02-06 16:30:00,12274
1711981.0,492.512,492.98,492.35,492.98,492.25,2024-02-06 16:45:00,16013
1650981.0,492.4392,492.37,492.25,492.59,492.11,2024-02-06 17:00:00,12508
1515088.0,492.4356,492.24,492.8799,492.93,492.1,2024-02-06 17:15:00,15570
1118965.0,492.7566,492.88,492.955,492.96,492.42,2024-02-06 17:30:00,11375
950523.0,492.6741,492.95,492.57,492.95,492.41,2024-02-06 17:45:00,8867
1353086.0,492.8059,492.575,492.62,493.08,492.45,2024-02-06 18:00:00,12055
1094393.0,492.6942,492.63,492.92,492.95,492.4899,2024-02-06 18:15:00,9812
1240878.0,493.1794,492.92,493.345,493.4,492.9,2024-02-06 18:30:00,13075
1377809.0,493.4243,493.34,493.515,493.55,493.25,2024-02-06 18:45:00,13211
2328044.0,492.7718,493.52,492.2296,493.57,492.19,2024-02-06 19:00:00,21157
1763218.0,492.4235,492.225,492.4999,492.73,492.11,2024-02-06 19:15:00,15311
1090778.0,492.5398,492.52,492.59,492.78,492.24,2024-02-06 19:30:00,11241
1512567.0,492.9279,492.59,493.15,493.28,492.565,2024-02-06 19:45:00,14474
2059003.0,493.1958,493.16,493.38,493.54,493.08,2024-02-06 20:00:00,15177
2536787.0,493.0843,493.38,493.16,493.41,492.4166,2024-02-06 20:15:00,16710
2135929.0,492.8431,493.16,492.915,493.215,492.635,2024-02-06 20:30:00,19223
4521527.0,493.5356,492.92,493.97,494.04,492.83,2024-02-06 20:45:00,36847
2455448.0,493.6181,493.97,493.42,494.08,492.2716,2024-02-06 21:00:00,3175
3521712.0,496.0745,496.29,495.5596,496.44,495.5,2024-02-07 14:30:00,33582
2234142.0,495.7932,495.56,495.89,496.2,495.36,2024-02-07 14:45:00,22116
2694342.0,496.0791,495.87,496.82,496.9402,495.502,2024-02-07 15:00:00,38943
4245998.0,496.8959,496.8201,497.95,497.975,496.7,2024-02-07 15:15:00,30077
5205647.0,497.4043,497.96,497.51,498.04,497.2,2024-02-07 15:30:00,27593
2151578.0,497.4956,497.52,497.26,497.93,497.03,2024-02-07 15:45:00,19208
2284716.0,496.939,497.25,497.5,497.63,496.83,2024-02-07 16:00:00,17595
1543019.0,497.1739,497.515,497.135,497.595,496.85,2024-02-07 16:15:00,14351
1544289.0,497.1522,497.14,497.36,497.37,496.87,2024-02-07 16:30:00,13796
1836401.0,496.9834,497.35,497.5891,497.86,497.1,2024-02-07 16:45:00,14017
1286019.0,497.5713,497.59,497.55,497.76,497.24,2024-02-07 17:00:00,11861
1070308.0,497.4972,497.54,497.3087,497.855,497.205,2024-02-07 17:15:00,10340
1554977.0,496.5737,497.32,497.2001,497.335,496.79,2024-02-07 17:30:00,12323
1815600.0,496.4113,497.22,497.56,497.6,497.0835,2024-02-07 17:45:00,11515
2612385.0,496.9052,497.56,497.77,498.13,497.08,2024-02-07 18:00:00,18347
2047093.0,497.9131,497.75,498.2,498.205,497.655,2024-02-07 18:15:00,13719
1733992.0,498.0529,498.21,497.83,498.43,497.66,2024-02-07 18:30:00,16743
1009829.0,498.0115,497.85,498.071,498.25,497.67,2024-02-07 18:45:00,10241
1592703.0,498.1037,498.08,498.08,498.27,497.9,2024-02-07 19:00:00,13475
1531621.0,498.01,498.07,497.95,498.2,497.835,2024-02-07 19:15:00,14261
1041182.0,497.9533,497.96,498.03,498.1,497.79,2024-02-07 19:30:00,10619
1326366.0,497.428,498.03,498.325,498.35,497.97,2024-02-07 19:45:00,10755
2068484.0,496.7215,498.33,498.21,498.53,498.17,2024-02-07 20:00:00,13435
2653353.0,498.1579,498.2,498.15,498.32,497.88,2024-02-07 20:15:00,19268
3128346.0,497.0861,498.15,498.0687,498.27,497.72,2024-02-07 20:30:00,21389
7495016.0,497.3582,498.06,498.05,498.15,497.61,2024-02-07 20:45:00,47136
5562798.0,497.8211,498.04,497.96,498.1,497.7699,2024-02-07 21:00:00,2880
2367716.0,497.9926,498.1,497.86,498.35,497.66,2024-02-08 14:30:00,23632
1138092.0,497.8855,497.86,497.9975,498.072,497.69,2024-02-08 14:45:00,12822
1138269.0,498.052,498.0,497.81,498.23,497.8,2024-02-08 15:00:00,26680
1328705.0,497.8989,497.814,497.85,498.19,497.63,2024-02-08 15:15:00,13705
2157029.0,497.7133,497.835,497.7,498.06,497.33,2024-02-08 15:30:00,18062
1538398.0,497.9795,497.7,498.17,498.2,497.65,2024-02-08 15:45:00,14506
1478688.0,497.905,498.1621,497.7391,498.21,497.66,2024-02-08 16:00:00,13661
1387641.0,497.5933,497.73,497.35,497.95,497.31,2024-02-08 16:15:00,13550
1326917.0,497.5745,497.35,497.48,497.85,497.26,2024-02-08 16:30:00,12925
880413.0,497.6429,497.48,497.82,497.89,497.43,2024-02-08 16:45:00,8860
869174.0,497.72,497.81,497.872,497.89,497.52,2024-02-08 17:00:00,8990
1540615.0,498.0127,497.87,498.035,498.14,497.7797,2024-02-08 17:15:00,9018
897582.0,497.9502,498.035,497.78,498.11,497.715,2024-02-08 17:30:00,9800
1158999.0,497.6239,497.77,497.58,497.79,497.42,2024-02-08 17:45:00,11392
1738465.0,498.0191,497.59,497.975,498.28,497.53,2024-02-08 18:00:00,15811
1103718.0,497.8935,497.97,498.045,498.07,497.735,2024-02-08 18:15:00,11311
1420545.0,498.1414,498.04,498.06,498.34,497.93,2024-02-08 18:30:00,12931
1631362.0,498.0645,498.06,498.13,498.21,497.91,2024-02-08 18:45:00,9794
1225286.0,498.0444,498.14,497.895,498.29,497.78,2024-02-08 19:00:00,12618
1000265.0,497.9553,497.9,497.8311,498.1699,497.82,2024-02-08 19:15:00,10678
1665878.0,497.8333,497.83,497.965,498.0,497.5801,2024-02-08 19:30:00,13954
1190848.0,498.107,497.97,498.25,498.34,497.93,2024-02-08 19:45:00,11860
1944332.0,498.3305,498.24,498.31,498.46,498.2,2024-02-08 20:00:00,13772
1922508.0,498.3901,498.3,498.415,498.585,498.26,2024-02-08 20:15:00,15225
2074872.0,498.3545,498.42,498.305,498.5,498.28,2024-02-08 20:30:00,15913
8154332.0,498.257,498.32,498.4,498.71,497.86,2024-02-08 20:45:00,46814
4073586.0,498.3476,498.42,498.32,498.42,497.6882,2024-02-08 21:00:00,3807
2757843.0,498.9404,498.84,499.205,499.22,498.49,2024-02-09 14:30:00,27339
2322222.0,499.1402,499.21,499.5,499.57,498.75,2024-02-09 14:45:00,22439
2257480.0,499.4392,499.5,499.47,499.68,499.135,2024-02-09 15:00:00,35771
1648975.0,499.4918,499.44,499.6488,499.79,499.235,2024-02-09 15:15:00,16218
2209440.0,499.777,499.66,499.81,499.98,499.52,2024-02-09 15:30:00,19337
1584669.0,499.8782,499.815,499.96,500.02,499.68,2024-02-09 15:45:00,14690
1910751.0,499.8292,499.97,500.0878,500.21,499.81,2024-02-09 16:00:00,15500
1636463.0,499.8628,500.09,499.75,500.155,499.61,2024-02-09 16:15:00,15380
1537872.0,499.5804,499.76,499.71,499.82,499.32,2024-02-09 16:30:00,15177
1418208.0,499.4894,499.73,499.58,499.9,499.49,2024-02-09 16:45:00,11414
1366765.0,499.5991,499.58,499.725,499.78,499.38,2024-02-09 17:00:00,10385
1464764.0,499.6043,499.72,500.13,500.16,499.59,2024-02-09 17:15:00,11218
2380601.0,499.7313,500.13,500.26,500.27,499.6845,2024-02-09 17:30:00,16015
1481322.0,500.3418,500.26,500.47,500.485,500.155,2024-02-09 17:45:00,13653
1385177.0,500.4634,500.465,500.4399,500.59,500.3,2024-02-09 18:00:00,12001
1868633.0,500.2701,500.4376,500.735,500.83,500.305,2024-02-09 18:15:00,13727
1965705.0,499.9706,500.75,500.6,500.94,500.52,2024-02-09 18:30:00,13997
1199095.0,500.1775,500.5802,500.715,500.78,500.48,2024-02-09 18:45:00,10366
1771624.0,500.1285,500.7188,500.9179,500.93,500.66,2024-02-09 19:00:00,11445
1580663.0,500.9881,500.91,501.06,501.15,500.8087,2024-02-09 19:15:00,14487
1768803.0,501.0498,501.07,501.565,501.57,501.07,2024-02-09 19:30:00,14720
1902361.0,501.4273,501.56,501.285,501.65,501.24,2024-02-09 19:45:00,16378
1955601.0,501.0464,501.29,501.1291,501.315,500.8,2024-02-09 20:00:00,17322
1344959.0,501.1695,501.1201,501.1,501.33,500.9979,2024-02-09 20:15:00,12462
2500939.0,500.9441,501.1,500.795,501.12,500.78,2024-02-09 20:30:00,17232
7270305.0,501.0386,500.79,501.18,501.34,500.69,2024-02-09 20:45:00,51028
8166785.0,501.0674,501.17,501.04,501.2748,499.5697,2024-02-09 21:00:00,2804
2343631.0,501.3139,501.17,501.34,501.444,501.14,2024-02-12 14:30:00,23241
1204148.0,501.3391,501.34,501.43,501.47,501.17,2024-02-12 14:45:00,13009
1193932.0,501.2314,501.42,501.15,501.46,501.09,2024-02-12 15:00:00,13580
859148.0,501.2145,501.1488,501.325,501.39,501.02,2024-02-12 15:15:00,11067
1924126.0,501.4173,501.335,501.67,501.68,501.31,2024-02-12 15:30:00,13346
1380755.0,501.9178,501.68,502.07,502.13,501.62,2024-02-12 15:45:00,28611
1166726.0,502.0826,502.08,502.175,502.29,501.86,2024-02-12 16:00:00,15075
1368931.0,502.5663,502.17,502.8903,502.95,502.14,2024-02-12 16:15:00,13517
1559967.0,503.2794,502.89,503.2785,503.5,502.86,2024-02-12 16:30:00,15290
1182244.0,503.1913,503.27,503.295,503.42,502.97,2024-02-12 16:45:00,12411
1321073.0,503.2227,503.29,503.3201,503.445,503.0,2024-02-12 17:00:00,11032
1389915.0,503.0173,503.32,502.92,503.3284,502.69,2024-02-12 17:15:00,13662
751599.0,502.8725,502.92,502.79,503.03,502.76,2024-02-12 17:30:00,9127
1180783.0,502.9798,502.78,503.195,503.22,502.65,2024-02-12 17:45:00,11437
737612.0,503.2063,503.2,503.29,503.37,503.07,2024-02-12 18:00:00,8290
1322954.0,502.9772,503.29,502.56,503.44,502.51,2024-02-12 18:15:00,13077
2414670.0,502.129,502.57,501.8,502.61,501.68,2024-02-12 18:30:00,23719
1424841.0,502.006,501.8,502.08,502.24,501.75,2024-02-12 18:45:00,13770
1394938.0,502.0033,502.08,501.87,502.1696,501.76,2024-02-12 19:00:00,13005
3126262.0,500.9527,501.88,501.07,501.88,500.24,2024-02-12 19:15:00,29820
1504535.0,501.068,501.08,501.055,501.3,500.78,2024-02-12 19:30:00,13690
1469387.0,500.6734,501.0599,500.59,501.086,500.42,2024-02-12 19:45:00,14929
1514879.0,500.7986,500.58,500.9823,501.06,500.52,2024-02-12 20:00:00,13888
950320.0,501.0037,500.98,500.91,501.12,500.83,2024-02-12 20:15:00,11392
2022576.0,501.0235,500.915,501.0082,501.11,500.785,2024-02-12 20:30:00,16939
8803757.0,501.0048,501.0,500.94,501.24,500.55,2024-02-12 20:45:00,45913
7119456.0,500.9042,500.95,500.24,501.05,500.11,2024-02-12 21:00:00,3465
6697779.0,494.5908,494.53,494.275,495.19,493.95,2024-02-13 14:30:00,62537
3949019.0,494.0364,494.27,493.825,494.54,493.62,2024-02-13 14:45:00,38856
3624089.0,494.6395,493.825,493.5714,493.92,493.435,2024-02-13 15:00:00,32867
4640893.0,494.8006,493.58,494.89,494.89,493.22,2024-02-13 15:15:00,48652
4363692.0,495.2963,494.895,495.13,495.26,494.59,2024-02-13 15:30:00,33792
2721140.0,495.5232,495.13,494.56,495.32,494.5194,2024-02-13 15:45:00,24216
2016715.0,495.1878,494.57,495.312,495.53,494.56,2024-02-13 16:00:00,19552
1973938.0,495.4327,495.32,495.5701,495.74,495.03,2024-02-13 16:15:00,19123
2851250.0,496.5046,495.57,495.73,495.85,495.22,2024-02-13 16:30:00,17823
1792103.0,496.1248,495.72,495.0899,495.8267,494.97,2024-02-13 16:45:00,16128
1530563.0,494.8632,495.08,494.9,495.1501,494.575,2024-02-13 17:00:00,15618
1756231.0,494.8975,494.9,494.52,495.11,494.4,2024-02-13 17:15:00,15910
1304742.0,495.0615,494.52,495.225,495.31,494.52,2024-02-13 17:30:00,13960
1524844.0,494.6042,495.22,494.33,495.265,494.15,2024-02-13 17:45:00,15922
1732288.0,495.1489,494.32,494.36,494.38,494.02,2024-02-13 18:00:00,14875
1363546.0,494.2395,494.35,494.2301,494.4799,494.03,2024-02-13 18:15:00,13386
1470590.0,493.9961,494.23,493.8,494.3,493.7,2024-02-13 18:30:00,15554
2172199.0,493.5829,493.8,493.59,493.945,493.36,2024-02-13 18:45:00,19253
4168206.0,493.1771,493.585,492.0999,493.59,492.02,2024-02-13 19:00:00,30221
3875681.0,493.8123,492.095,492.11,492.39,491.79,2024-02-13 19:15:00,30464
2722262.0,492.582,492.1,492.41,492.9477,492.06,2024-02-13 19:30:00,23992
4715732.0,492.5747,492.4,491.4,492.5199,491.09,2024-02-13 19:45:00,31825
3827605.0,492.501,491.39,491.19,491.55,490.98,2024-02-13 20:00:00,26792
4235829.0,491.5818,491.185,491.3301,491.415,490.715,2024-02-13 20:15:00,34189
5214692.0,492.3236,491.335,492.62,492.69,491.21,2024-02-13 20:30:00,38153
19096450.0,494.6247,492.635,494.14,494.21,492.56,2024-02-13 20:45:00,90179
8604322.0,494.8269,494.14,494.09,494.27,493.85,2024-02-13 21:00:00,4016
4697132.0,496.5992,496.79,496.67,497.3,495.78,2024-02-14 14:30:00,41487
2282060.0,496.6339,496.67,496.88,497.0,496.21,2024-02-14 14:45:00,22413
2051839.0,496.8687,496.9,496.78,497.14,496.57,2024-02-14 15:00:00,19450
3016406.0,497.5579,496.78,497.71,497.99,496.68,2024-02-14 15:15:00,25251
2052830.0,497.38,497.72,496.91,497.91,496.76,2024-02-14 15:30:00,21494
1876738.0,496.5963,496.9,495.955,497.13,495.94,2024-02-14 15:45:00,20091
2746963.0,495.6264,495.95,495.6,496.08,495.15,2024-02-14 16:00:00,24167
1850374.0,495.8618,495.61,496.23,496.33,495.36,2024-02-14 16:15:00,16470
1413979.0,496.0576,496.24,495.57,496.33,495.41,2024-02-14 16:30:00,12556
1900677.0,495.693,495.624,495.336,496.06,495.32,2024-02-14 16:45:00,13887
2572802.0,494.8382,495.35,495.34,495.45,494.4,2024-02-14 17:00:00,20089
1244640.0,495.6082,495.33,496.0,496.04,495.2503,2024-02-14 17:15:00,16619
1399680.0,496.0584,496.03,496.16,496.23,495.8399,2024-02-14 17:30:00,22261
790946.0,496.2078,496.17,496.2,496.33,496.06,2024-02-14 17:45:00,8889
2048883.0,496.0846,496.21,495.6493,496.57,495.42,2024-02-14 18:00:00,15910
1026608.0,495.3945,495.645,495.95,496.04,495.55,2024-02-14 18:15:00,7732
2251124.0,496.1036,495.95,496.59,497.14,495.87,2024-02-14 18:30:00,15344
1209315.0,496.6534,496.59,496.5701,496.89,496.16,2024-02-14 18:45:00,10593
2315389.0,495.761,496.58,495.82,496.62,495.22,2024-02-14 19:00:00,20486
1867161.0,495.6394,495.81,496.69,496.7816,495.76,2024-02-14 19:15:00,11672
1558066.0,496.8047,496.7,496.845,497.1047,496.435,2024-02-14 19:30:00,14289
1604672.0,496.3362,496.85,496.92,496.95,496.48,2024-02-14 19:45:00,12896
3746025.0,495.8676,496.92,497.2201,497.43,496.61,2024-02-14 20:00:00,20190
3368144.0,496.6445,497.215,497.9945,498.21,497.19,2024-02-14 20:15:00,22279
3668341.0,497.3746,497.9906,498.09,498.215,497.4701,2024-02-14 20:30:00,27594
7522310.0,498.394,498.09,498.625,499.07,498.0101,2024-02-14 20:45:00,54381
1353553.0,497.9478,498.6,498.93,499.03,498.38,2024-02-14 21:00:00,3682
2719578.0,499.7323,499.29,499.62,500.08,499.2699,2024-02-15 14:30:00,29166
1868530.0,499.9102,499.61,499.6499,500.38,499.4297,2024-02-15 14:45:00,24262
1881737.0,499.9294,499.65,500.18,500.29,499.52,2024-02-15 15:00:00,34022
2085241.0,500.201,500.18,499.69,500.57,499.63,2024-02-15 15:15:00,24934
1796393.0,499.6154,499.7,499.59,499.9,499.3,2024-02-15 15:30:00,19266
1078645.0,499.7662,499.595,499.82,499.99,499.51,2024-02-15 15:45:00,11924
2231334.0,499.225,499.82,499.3201,499.95,498.795,2024-02-15 16:00:00,21212
1427040.0,499.3537,499.33,499.48,499.57,499.125,2024-02-15 16:15:00,15703
1159320.0,499.6847,499.48,499.99,500.14,499.35,2024-02-15 16:30:00,12976
1380322.0,499.7735,500.0,499.805,500.15,499.38,2024-02-15 16:45:00,13636
1819084.0,499.9317,499.805,500.0999,500.19,499.665,2024-02-15 17:00:00,12023
2211050.0,500.2312,500.1,500.4399,500.45,499.985,2024-02-15 17:15:00,13517
1456101.0,500.4473,500.45,500.48,500.51,500.28,2024-02-15 17:30:00,11458
1329821.0,500.3383,500.47,500.05,500.59,500.01,2024-02-15 17:45:00,13899
1678411.0,500.6767,500.045,500.8603,501.16,499.95,2024-02-15 18:00:00,16908
2244746.0,500.9569,500.86,501.46,501.49,500.84,2024-02-15 18:15:00,19409
1734533.0,501.3659,501.47,501.06,501.6806,500.905,2024-02-15 18:30:00,16671
1659203.0,500.8284,501.06,501.38,501.39,501.01,2024-02-15 18:45:00,13298
2009566.0,501.4034,501.39,501.25,501.78,500.99,2024-02-15 19:00:00,18515
1467552.0,501.4339,501.25,501.51,501.62,501.15,2024-02-15 19:15:00,14677
1193810.0,501.6147,501.505,501.71,501.77,501.424,2024-02-15 19:30:00,12480
2254135.0,501.5877,501.73,501.84,502.2,501.68,2024-02-15 19:45:00,18287
1744570.0,501.7026,501.84,501.8,501.92,501.415,2024-02-15 20:00:00,16589
1684585.0,501.532,501.795,501.63,501.915,501.165,2024-02-15 20:15:00,17492
2216659.0,501.2007,501.63,501.335,501.74,501.275,2024-02-15 20:30:00,19157
9495644.0,501.4257,501.33,501.95,502.05,501.15,2024-02-15 20:45:00,57319
4365388.0,501.5592,501.97,502.08,502.35,501.87,2024-02-15 21:00:00,2908
2732052.0,501.2184,501.7,500.8375,501.91,500.72,2024-02-16 14:30:00,24862
2553665.0,500.1702,500.825,499.66,501.05,499.29,2024-02-16 14:45:00,24054
2684261.0,499.7299,499.65,500.16,500.37,498.75,2024-02-16 15:00:00,35848
1971698.0,500.1422,500.16,500.24,500.5,499.7,2024-02-16 15:15:00,23466
2235098.0,500.4226,500.25,500.74,500.9403,499.81,2024-02-16 15:30:00,22072
1513767.0,500.8732,500.76,500.92,501.16,500.59,2024-02-16 15:45:00,17358
1785835.0,501.2538,500.93,501.61,501.62,500.905,2024-02-16 16:00:00,17376
1995979.0,501.8448,501.62,501.89,502.045,501.54,2024-02-16 16:15:00,18049
9074214.0,501.9317,501.88,502.26,502.38,501.63,2024-02-16 16:30:00,19535
2890142.0,502.1972,502.26,502.21,502.46,501.94,2024-02-16 16:45:00,14894
1855720.0,502.069,502.215,501.95,502.36,501.7779,2024-02-16 17:00:00,15553
1267661.0,501.9631,501.955,502.22,502.24,501.78,2024-02-16 17:15:00,11349
830130.0,502.0537,502.215,501.93,502.3,501.84,2024-02-16 17:30:00,9443
1065621.0,501.917,501.933,501.83,502.135,501.66,2024-02-16 17:45:00,10847
1896713.0,501.1838,501.83,501.01,501.855,500.74,2024-02-16 18:00:00,17164
2554802.0,501.5132,501.02,501.66,501.86,501.0,2024-02-16 18:15:00,16624
1155235.0,501.8115,501.67,502.04,502.05,501.6,2024-02-16 18:30:00,12262
1549693.0,502.0562,502.04,502.3601,502.37,501.9803,2024-02-16 18:45:00,10970
1758112.0,502.6438,502.37,502.631,502.87,502.37,2024-02-16 19:00:00,15180
1741509.0,502.5446,502.6389,502.6104,502.75,502.54,2024-02-16 19:15:00,12973
1834448.0,502.2424,502.6199,502.025,502.69,501.96,2024-02-16 19:30:00,17774
4484979.0,500.6678,502.02,500.565,502.04,499.95,2024-02-16 19:45:00,33852
1961075.0,500.3441,500.57,500.26,500.75,500.02,2024-02-16 20:00:00,17966
1974267.0,500.4446,500.27,500.5626,500.74,500.1,2024-02-16 20:15:00,18248
2592719.0,500.1797,500.58,499.62,500.66,499.47,2024-02-16 20:30:00,23813
6193305.0,499.5269,499.62,499.49,499.82,498.98,2024-02-16 20:45:00,47379
7071653.0,499.5504,499.49,498.99,499.56,498.87,2024-02-16 21:00:00,4310
4132183.0,497.4886,497.72,496.714,498.41,496.42,2024-02-20 14:30:00,49684
2760278.0,496.6283,496.71,496.6801,497.035,496.17,2024-02-20 14:45:00,28445
2724818.0,496.3435,496.68,495.94,496.74,495.86,2024-02-20 15:00:00,32152
2383763.0,496.2457,495.93,496.2199,496.675,495.88,2024-02-20 15:15:00,38301
2601764.0,496.3676,496.21,496.25,496.49,495.745,2024-02-20 15:30:00,23446
1794683.0,496.7374,496.245,497.02,497.03,496.23,2024-02-20 15:45:00,18036
1772274.0,497.3613,497.02,496.72,497.3,496.62,2024-02-20 16:00:00,16854
1330228.0,496.7961,496.73,496.92,497.03,496.56,2024-02-20 16:15:00,14888
2296191.0,497.3599,496.93,496.46,496.98,496.12,2024-02-20 16:30:00,15612
1532898.0,496.2101,496.47,495.74,496.57,495.67,2024-02-20 16:45:00,15657
2025114.0,495.3045,495.75,495.14,495.76,495.06,2024-02-20 17:00:00,19553
2200293.0,495.5014,495.15,495.06,495.165,494.77,2024-02-20 17:15:00,19376
2188744.0,495.0885,495.06,495.295,495.48,494.45,2024-02-20 17:30:00,21631
1381003.0,495.3697,495.29,495.4889,495.62,494.975,2024-02-20 17:45:00,12980
1231514.0,495.3949,495.48,495.41,495.62,495.15,2024-02-20 18:00:00,11865
1640847.0,495.4109,495.41,495.2,495.98,494.9,2024-02-20 18:15:00,16781
1792385.0,495.775,495.2,495.58,495.6499,494.75,2024-02-20 18:30:00,17559
1546424.0,496.321,495.58,495.8982,495.9196,495.475,2024-02-20 18:45:00,12504
1540848.0,495.6875,495.9,495.6501,495.99,495.45,2024-02-20 19:00:00,12789
1724355.0,495.6273,495.655,496.01,496.06,495.205,2024-02-20 19:15:00,17394
1390974.0,495.9948,496.01,496.065,496.3,495.69,2024-02-20 19:30:00,14897
2032522.0,496.9149,496.05,496.715,496.8,496.02,2024-02-20 19:45:00,16932
1889921.0,496.9909,496.72,496.5,496.88,496.27,2024-02-20 20:00:00,15830
2173838.0,496.8961,496.51,496.71,496.855,496.24,2024-02-20 20:15:00,15919
3980134.0,495.7112,496.72,495.84,496.835,495.1,2024-02-20 20:30:00,39669
11476001.0,496.713,495.83,496.74,496.83,495.72,2024-02-20 20:45:00,59905
5768981.0,497.0549,496.75,496.23,496.78,496.13,2024-02-20 21:00:00,3364
2829686.0,495.3528,495.42,495.19,495.6803,495.02,2024-02-21 14:30:00,29481
1609341.0,495.1967,495.18,495.26,495.44,494.91,2024-02-21 14:45:00,18200
1539508.0,495.7176,495.26,495.67,496.06,495.18,2024-02-21 15:00:00,28351
1190523.0,495.7293,495.67,495.38,496.015,495.34,2024-02-21 15:15:00,20213
1491600.0,495.3026,495.37,495.17,495.54,495.08,2024-02-21 15:30:00,15465
1330778.0,495.5728,495.19,495.285,495.51,495.05,2024-02-21 15:45:00,11922
1144721.0,495.733,495.3,496.24,496.2601,495.2703,2024-02-21 16:00:00,13133
1065514.0,496.0698,496.24,495.7999,496.305,495.74,2024-02-21 16:15:00,10793
939555.0,495.7184,495.81,495.8001,495.9,495.51,2024-02-21 16:30:00,10601
722391.0,495.8906,495.8021,495.98,496.14,495.58,2024-02-21 16:45:00,8701
1665027.0,495.2411,495.99,495.1,496.045,494.89,2024-02-21 17:00:00,14880
1124952.0,495.1649,495.09,495.08,495.395,494.96,2024-02-21 17:15:00,12046
982949.0,494.9929,495.09,494.805,495.2,494.615,2024-02-21 17:30:00,11267
917847.0,495.297,494.81,495.5599,495.645,494.81,2024-02-21 17:45:00,11355
1701673.0,494.9789,495.56,495.41,495.6,494.41,2024-02-21 18:00:00,17847
1097689.0,495.4737,495.43,495.29,495.75,495.18,2024-02-21 18:15:00,12174
724190.0,495.3121,495.295,495.34,495.51,495.1,2024-02-21 18:30:00,9782
816348.0,495.4215,495.33,495.34,495.56,495.18,2024-02-21 18:45:00,8417
2074997.0,495.5114,495.33,495.39,496.09,494.72,2024-02-21 19:00:00,22585
1907040.0,494.8453,495.385,494.68,495.71,494.24,2024-02-21 19:15:00,20745
2097732.0,494.8332,494.7,494.01,494.78,493.91,2024-02-21 19:30:00,16998
1722103.0,494.357,494.01,494.58,494.72,493.905,2024-02-21 19:45:00,17461
2111921.0,494.7999,494.6,494.14,494.655,493.93,2024-02-21 20:00:00,16175
3011005.0,494.4425,494.14,494.43,494.51,493.56,2024-02-21 20:15:00,22254
4569794.0,495.8194,494.43,496.1,496.42,494.41,2024-02-21 20:30:00,32488
9290633.0,496.7101,496.095,497.17,497.37,495.85,2024-02-21 20:45:00,58800
3709549.0,497.0726,497.18,496.9,497.32,496.67,2024-02-21 21:00:00,3928
5571839.0,503.4461,504.01,503.67,504.135,503.02,2024-02-22 14:30:00,52925
4825463.0,504.7569,503.69,504.99,505.425,503.68,2024-02-22 14:45:00,41796
3473283.0,504.8856,505.02,504.775,505.28,504.59,2024-02-22 15:00:00,38434
2699679.0,504.2223,504.77,505.34,505.38,504.63,2024-02-22 15:15:00,27733
2396685.0,505.3187,505.35,504.94,505.6999,504.915,2024-02-22 15:30:00,24014
1602195.0,504.7038,504.94,504.75,504.94,504.51,2024-02-22 15:45:00,16261
1968289.0,503.9528,504.77,505.325,505.39,504.54,2024-02-22 16:00:00,17274
1757210.0,505.4547,505.33,505.39,505.675,505.24,2024-02-22 16:15:00,16622
1808367.0,504.4864,505.39,505.76,505.89,505.39,2024-02-22 16:30:00,15460
2069872.0,505.3732,505.755,505.245,505.8,505.02,2024-02-22 16:45:00,14229
1336358.0,505.384,505.25,505.464,505.67,504.91,2024-02-22 17:00:00,13774
1470400.0,505.7387,505.46,505.95,506.03,505.31,2024-02-22 17:15:00,15172
1674988.0,505.9183,505.95,505.86,506.1299,505.61,2024-02-22 17:30:00,15600
1506113.0,506.1996,505.86,506.45,506.51,505.7903,2024-02-22 17:45:00,15145
1700824.0,506.3371,506.45,506.12,506.58,506.07,2024-02-22 18:00:00,15261
1346398.0,506.489,506.11,506.815,506.86,506.105,2024-02-22 18:15:00,13668
1721972.0,506.9821,506.82,507.135,507.23,506.74,2024-02-22 18:30:00,16368
1641217.0,507.1201,507.1304,507.25,507.2699,506.9,2024-02-22 18:45:00,15272
2470463.0,505.4444,507.24,507.87,507.97,507.175,2024-02-22 19:00:00,18034
2460803.0,508.1433,507.87,508.42,508.48,507.78,2024-02-22 19:15:00,19658
3068553.0,506.9898,508.43,507.78,508.49,507.46,2024-02-22 19:30:00,22423
2340686.0,507.3797,507.79,507.195,507.835,506.89,2024-02-22 19:45:00,20821
2624729.0,506.4366,507.185,507.51,507.77,507.07,2024-02-22 20:00:00,19185
2326132.0,507.7569,507.5,507.7301,508.02,507.47,2024-02-22 20:15:00,19124
3161101.0,507.8649,507.73,507.7,508.315,507.33,2024-02-22 20:30:00,27196
9845546.0,506.4148,507.69,507.53,508.31,507.45,2024-02-22 20:45:00,61867
3181022.0,505.9037,507.5,507.17,507.51,505.7552,2024-02-22 21:00:00,3177
3657078.0,509.6691,509.27,510.08,510.1,509.11,2024-02-23 14:30:00,38480
2349774.0,509.7717,510.09,509.74,510.13,509.1291,2024-02-23 14:45:00,24825
1445164.0,509.5877,509.75,509.8,509.87,509.21,2024-02-23 15:00:00,26812
1331255.0,509.6008,509.82,509.23,509.94,509.2,2024-02-23 15:15:00,21916
1950014.0,509.27,509.24,508.845,509.6599,508.785,2024-02-23 15:30:00,20254
1608410.0,508.8179,508.865,508.69,509.125,508.42,2024-02-23 15:45:00,18134
3293770.0,507.9657,508.7,507.36,508.79,507.1,2024-02-23 16:00:00,26462
2782252.0,507.7435,507.35,508.18,508.22,507.21,2024-02-23 16:15:00,18469
2267621.0,508.0534,508.19,508.165,508.3987,507.75,2024-02-23 16:30:00,16062
1443871.0,508.2825,508.17,508.51,508.55,507.945,2024-02-23 16:45:00,14084
1366819.0,508.7266,508.505,508.81,508.995,508.445,2024-02-23 17:00:00,14620
1314279.0,508.4555,508.8,508.2593,508.88,508.025,2024-02-23 17:15:00,14529
1425504.0,508.1999,508.26,508.4,508.59,507.79,2024-02-23 17:30:00,14578
785583.0,508.5112,508.41,508.64,508.68,508.27,2024-02-23 17:45:00,9467
803860.0,508.5438,508.62,508.7,508.7688,508.33,2024-02-23 18:00:00,10401
815118.0,508.8563,508.71,508.92,508.99,508.63,2024-02-23 18:15:00,9987
961696.0,508.8357,508.93,508.63,509.06,508.53,2024-02-23 18:30:00,10941
1912219.0,508.5854,508.64,508.53,508.79,508.3501,2024-02-23 18:45:00,9260
1348887.0,508.2409,508.54,508.08,508.6,507.9012,2024-02-23 19:00:00,13348
1082770.0,507.9409,508.09,507.7787,508.23,507.63,2024-02-23 19:15:00,11159
1195000.0,508.0576,507.81,508.06,508.28,507.71,2024-02-23 19:30:00,11633
1457818.0,508.0979,508.04,508.335,508.365,507.88,2024-02-23 19:45:00,11554
1546172.0,508.1948,508.335,507.88,508.56,507.8,2024-02-23 20:00:00,15426
1908407.0,507.9817,507.88,507.92,508.2982,507.83,2024-02-23 20:15:00,13949
2528306.0,508.081,507.92,508.12,508.4,507.71,2024-02-23 20:30:00,21071
9604650.0,508.3741,508.12,507.82,508.76,507.79,2024-02-23 20:45:00,56439
6085405.0,507.8465,507.82,507.58,507.8802,507.54,2024-02-23 21:00:00,4098
2168448.0,508.5011,508.3,508.16,508.75,508.1503,2024-02-26 14:30:00,26997
1523326.0,508.0929,508.17,508.215,508.37,507.73,2024-02-26 14:45:00,18756
1488150.0,508.2035,508.22,507.9599,508.52,507.9199,2024-02-26 15:00:00,20715
1240647.0,508.0146,507.94,507.95,508.286,507.79,2024-02-26 15:15:00,28678
1493803.0,507.9727,507.96,507.875,508.3,507.68,2024-02-26 15:30:00,15323
1298250.0,507.6901,507.875,507.5,507.97,507.42,2024-02-26 15:45:00,14290
1286072.0,507.3573,507.505,507.38,507.63,507.03,2024-02-26 16:00:00,14427
1303319.0,507.4934,507.39,507.3899,507.72,507.015,2024-02-26 16:15:00,12072
1222839.0,507.4855,507.39,507.555,507.67,507.2301,2024-02-26 16:30:00,12275
864756.0,507.7435,507.56,507.72,507.89,507.51,2024-02-26 16:45:00,9453
901986.0,507.471,507.73,507.62,507.7361,507.285,2024-02-26 17:00:00,9817
1026250.0,507.6206,507.625,507.79,507.89,507.45,2024-02-26 17:15:00,9189
851613.0,507.6045,507.79,507.33,507.9,507.29,2024-02-26 17:30:00,9260
755881.0,507.3046,507.34,507.3061,507.43,507.15,2024-02-26 17:45:00,7565
1349643.0,507.4313,507.3099,507.53,507.595,506.93,2024-02-26 18:00:00,10524
1553890.0,506.9452,507.5264,506.62,507.59,506.45,2024-02-26 18:15:00,15654
2432723.0,506.5702,506.63,506.6601,506.775,506.02,2024-02-26 18:30:00,20869
1247674.0,506.6487,506.665,506.885,506.9,506.4,2024-02-26 18:45:00,11866
1674954.0,506.9631,506.8727,506.5699,507.29,506.54,2024-02-26 19:00:00,15207
1082945.0,506.8595,506.57,507.165,507.196,506.515,2024-02-26 19:15:00,11144
1447683.0,507.0638,507.16,506.9275,507.4,506.7,2024-02-26 19:30:00,13648
911917.0,506.9277,506.92,506.76,507.22,506.715,2024-02-26 19:45:00,10325
2482688.0,506.9522,506.765,507.09,507.315,506.675,2024-02-26 20:00:00,14265
1797527.0,507.0276,507.09,506.88,507.25,506.67,2024-02-26 20:15:00,15529
2628340.0,506.7937,506.88,506.39,506.97,506.31,2024-02-26 20:30:00,22483
7716198.0,506.6215,506.39,505.99,506.91,505.86,2024-02-26 20:45:00,48781
4451706.0,505.9629,505.99,505.86,506.02,505.75,2024-02-26 21:00:00,2833
2456357.0,506.1404,506.7,505.77,506.74,505.53,2024-02-27 14:30:00,28362
1408000.0,505.8849,505.77,506.12,506.19,505.63,2024-02-27 14:45:00,17733
1648173.0,506.0404,506.1,505.915,506.58,505.63,2024-02-27 15:00:00,27454
1230923.0,506.1238,505.91,506.24,506.44,505.835,2024-02-27 15:15:00,19186
1163989.0,506.036,506.245,505.72,506.3,505.72,2024-02-27 15:30:00,12459
1365342.0,506.0229,505.735,506.1303,506.3399,505.59,2024-02-27 15:45:00,13685
991533.0,505.9858,506.14,505.9668,506.165,505.78,2024-02-27 16:00:00,10255
866336.0,505.7929,505.965,505.68,506.01,505.615,2024-02-27 16:15:00,10112
887929.0,505.6707,505.685,505.59,505.931,505.46,2024-02-27 16:30:00,10775
769997.0,505.7901,505.58,505.9,505.98,505.52,2024-02-27 16:45:00,9365
722346.0,505.9039,505.92,505.809,506.0,505.765,2024-02-27 17:00:00,7774
1324110.0,505.5522,505.8099,505.5279,505.86,505.3312,2024-02-27 17:15:00,13724
1424715.0,505.6182,505.53,505.341,505.77,505.155,2024-02-27 17:30:00,10355
1135323.0,505.1872,505.34,505.0597,505.465,504.99,2024-02-27 17:45:00,11844
1667946.0,505.3974,505.05,505.45,505.6112,504.75,2024-02-27 18:00:00,13994
1204275.0,505.4468,505.45,505.22,505.705,505.18,2024-02-27 18:15:00,12094
841669.0,505.3263,505.23,505.485,505.53,505.11,2024-02-27 18:30:00,9529
1381907.0,505.6624,505.485,505.7726,505.89,505.3324,2024-02-27 18:45:00,12005
976163.0,505.8631,505.79,505.97,505.9756,505.74,2024-02-27 19:00:00,10165
1513815.0,506.2567,505.98,506.31,506.469,505.95,2024-02-27 19:15:00,13262
1239075.0,506.443,506.31,506.3576,506.565,506.3,2024-02-27 19:30:00,12934
1711816.0,506.2915,506.36,506.66,506.71,506.09,2024-02-27 19:45:00,15379
1299022.0,506.5045,506.66,506.5899,506.76,506.46,2024-02-27 20:00:00,11495
1469829.0,506.5287,506.59,506.76,506.87,506.2201,2024-02-27 20:15:00,15366
1211290.0,506.5769,506.755,506.72,506.77,506.42,2024-02-27 20:30:00,14123
9112321.0,506.6775,506.71,506.87,507.16,506.64,2024-02-27 20:45:00,44231
2279425.0,506.9408,506.87,507.16,507.25,506.81,2024-02-27 21:00:00,2117
2339181.0,505.4234,505.33,505.6499,505.82,504.99,2024-02-28 14:30:00,25513
1740180.0,505.4001,505.64,505.33,505.79,504.96,2024-02-28 14:45:00,17550
1710438.0,505.5881,505.33,505.7166,505.99,505.24,2024-02-28 15:00:00,26890
1438936.0,505.6715,505.72,505.6699,505.875,505.38,2024-02-28 15:15:00,20925
1422905.0,505.9681,505.67,506.125,506.21,505.61,2024-02-28 15:30:00,14826
1456366.0,506.2403,506.13,506.475,506.52,505.97,2024-02-28 15:45:00,14651
1596378.0,506.6427,506.48,506.54,506.855,506.41,2024-02-28 16:00:00,14983
1224977.0,506.6152,506.53,506.51,506.72,506.38,2024-02-28 16:15:00,10807
1175534.0,506.4659,506.51,506.6923,506.7097,506.165,2024-02-28 16:30:00,12130
942583.0,506.641,506.69,506.57,506.8,506.36,2024-02-28 16:45:00,10504
883169.0,506.4659,506.57,506.415,506.6799,506.28,2024-02-28 17:00:00,9313
1254351.0,506.1486,506.41,506.03,506.42,505.88,2024-02-28 17:15:00,11697
1780789.0,505.8739,506.03,505.81,506.05,505.445,2024-02-28 17:30:00,15209
1007155.0,505.8989,505.81,505.8799,506.03,505.73,2024-02-28 17:45:00,9864
2610154.0,505.8157,505.87,505.9301,505.95,505.49,2024-02-28 18:00:00,10128
1227359.0,506.218,505.94,506.496,506.52,505.89,2024-02-28 18:15:00,12400
1467233.0,506.6754,506.5,506.56,506.78,506.5,2024-02-28 18:30:00,13059
1184141.0,506.5984,506.56,506.63,506.68,506.34,2024-02-28 18:45:00,9448
1707016.0,506.164,506.63,505.72,506.6987,505.591,2024-02-28 19:00:00,14927
1319803.0,505.9207,505.715,505.755,506.16,505.53,2024-02-28 19:15:00,13727
1626539.0,505.7029,505.75,505.45,505.75,505.26,2024-02-28 19:30:00,12977
1626066.0,505.7475,505.44,505.845,505.87,505.1776,2024-02-28 19:45:00,13475
1763608.0,506.0179,505.85,505.6399,506.27,505.5,2024-02-28 20:00:00,13686
1907369.0,506.2722,505.63,506.12,506.18,505.5677,2024-02-28 20:15:00,12415
3434720.0,506.1202,506.12,505.8374,506.185,505.78,2024-02-28 20:30:00,17686
8485693.0,506.1116,505.83,506.19,506.27,505.34,2024-02-28 20:45:00,43540
4828893.0,506.1205,506.18,505.21,506.26,505.15,2024-02-28 21:00:00,3130
